deck	set	type	released	name	cards	playable	failing	first_failing
10E/arcanis-s-guile	10E	Theme Deck	2007-07-13	Arcanis's Guile	40	no	10	Arcanis the Omnipotent (pool); Aven Fisher (pool); Cancel (pool)
10E/black-deck-a	10E	Sample Deck	2008-05-02	Black Deck A	30	no	9	Contaminated Bond (pool); Corrupt (pool); Distress (pool)
10E/black-deck-b	10E	Sample Deck	2008-05-02	Black Deck B	30	no	10	Assassinate (pool); Dross Crocodile (pool); Drudge Skeletons (pool)
10E/blue-deck-a	10E	Sample Deck	2008-05-02	Blue Deck A	30	no	6	Briarberry Cohort (pool); Cloud Elemental (pool); Cloud Sprite (pool)
10E/blue-deck-b	10E	Sample Deck	2008-05-02	Blue Deck B	30	no	12	Aven Fisher (pool); Aven Windreader (pool); Cancel (pool)
10E/cho-manno-s-resolve	10E	Theme Deck	2007-07-13	Cho-Manno's Resolve	40	no	7	Ancestor's Chosen (pool); Angel's Feather (pool); Cho-Manno, Revolutionary (pool)
10E/evincar-s-tyranny	10E	Theme Deck	2007-07-13	Evincar's Tyranny	40	no	16	Ascendant Evincar (pool); Assassinate (pool); Consume Spirit (pool)
10E/green-deck-a	10E	Sample Deck	2008-05-02	Green Deck A	30	no	6	Blanchwood Armor (pool); Crabapple Cohort (pool); Craw Wurm (pool)
10E/green-deck-b	10E	Sample Deck	2008-05-02	Green Deck B	30	no	9	Civic Wayfinder (pool); Commune with Nature (pool); Elvish Berserker (pool)
10E/kamahl-s-temper	10E	Theme Deck	2007-07-13	Kamahl's Temper	40	no	8	Beacon of Destruction (pool); Bloodrock Cyclops (pool); Dragon's Claw (pool)
10E/molimo-s-might	10E	Theme Deck	2007-07-13	Molimo's Might	40	no	11	Blanchwood Armor (pool); Civic Wayfinder (pool); Commune with Nature (pool)
10E/red-deck-a	10E	Sample Deck	2008-05-02	Red Deck A	30	no	8	Boggart Forager (pool); Ember Gale (pool); Goblin Piker (pool)
10E/red-deck-b	10E	Sample Deck	2008-05-02	Red Deck B	30	no	8	Axegrinder Giant (pool); Flamekin Brawler (pool); Hill Giant (pool)
10E/white-deck-a	10E	Sample Deck	2008-05-02	White Deck A	30	no	6	Angel's Feather (pool); Apothecary Initiate (pool); Goldenglow Moth (pool)
10E/white-deck-b	10E	Sample Deck	2008-05-02	White Deck B	30	no	4	Armored Ascension (pool); Neck Snap (pool); Samite Healer (pool)
40K/forces-of-the-imperium-collector-s-edition	40K	Commander Deck	2022-10-07	Forces of the Imperium Collector's Edition	100	no	54	Inquisitor Greyfax (pool); And They Shall Know No Fear (pool); Arco-Flagellant (pool)
40K/forces-of-the-imperium	40K	Commander Deck	2022-10-07	Forces of the Imperium	100	no	54	Inquisitor Greyfax (pool); And They Shall Know No Fear (pool); Arco-Flagellant (pool)
40K/necron-dynasties-collector-s-edition	40K	Commander Deck	2022-10-07	Necron Dynasties Collector's Edition	100	no	58	Szarekh, the Silent King (pool); Anrakyr the Traveller (pool); Beacon of Unrest (pool)
40K/necron-dynasties	40K	Commander Deck	2022-10-07	Necron Dynasties	100	no	58	Szarekh, the Silent King (pool); Anrakyr the Traveller (pool); Beacon of Unrest (pool)
40K/the-ruinous-powers-collector-s-edition	40K	Commander Deck	2022-10-07	The Ruinous Powers Collector's Edition	100	no	53	Abaddon the Despoiler (pool); Aspiring Champion (pool); Assault Suit (pool)
40K/the-ruinous-powers	40K	Commander Deck	2022-10-07	The Ruinous Powers	100	no	53	Abaddon the Despoiler (pool); Aspiring Champion (pool); Assault Suit (pool)
40K/tyranid-swarm-collector-s-edition	40K	Commander Deck	2022-10-07	Tyranid Swarm Collector's Edition	100	no	56	The Swarmlord (pool); Aberrant (pool); Abundance (pool)
40K/tyranid-swarm	40K	Commander Deck	2022-10-07	Tyranid Swarm	100	no	56	The Swarmlord (pool); Aberrant (pool); Abundance (pool)
5DN/nuts-and-bolts	5DN	Theme Deck	2004-06-04	Nuts and Bolts	60	no	15	Auriok Glaivemaster (pool); Auriok Salvagers (pool); Auriok Windwalker (pool)
5DN/special-forces	5DN	Theme Deck	2004-06-04	Special Forces	60	no	16	Acquire (pool); Consume Spirit (pool); Devour in Shadow (pool)
5DN/stampede	5DN	Theme Deck	2004-06-04	Stampede	60	no	17	Barbed Lightning (pool); Cosmic Larva (pool); Fangren Pathcutter (pool)
5DN/sunburst	5DN	Theme Deck	2004-06-04	Sunburst	60	no	15	Dawn's Reflection (pool); Energy Chamber (pool); Etched Oracle (pool)
5ED/deck-a	5ED	Starter Deck	1997-04-24	Deck A	30	no	13	Circle of Protection: Black (pool); Dwarven Warriors (pool); Firebreathing (pool)
5ED/deck-b	5ED	Starter Deck	1997-04-24	Deck B	30	no	10	Bog Rats (pool); Bog Wraith (pool); Erg Raiders (pool)
6ED/deck-a	6ED	Starter Deck	1999-04-21	Deck A	40	no	13	Call of the Wild (pool); Drudge Skeletons (pool); Gravebane Zombie (pool)
6ED/deck-b	6ED	Starter Deck	1999-04-21	Deck B	40	no	7	D'Avenant Archer (pool); Horned Turtle (pool); Phantom Warrior (pool)
7ED/armada	7ED	Theme Deck	2001-04-11	Armada	40	no	11	Angelic Page (pool); Crossbow Infantry (pool); Eager Cadet (pool)
7ED/bomber	7ED	Theme Deck	2001-04-11	Bomber	40	no	10	Ancestral Memories (pool); Confiscate (pool); Coral Merfolk (pool)
7ED/decay	7ED	Theme Deck	2001-04-11	Decay	40	no	13	Abyssal Specter (pool); Befoul (pool); Corrupt (pool)
7ED/gold-deck	7ED	Starter Deck	2001-04-11	Gold Deck	30	no	7	Goblin Raider (pool); Grizzly Bears (pool); Hill Giant (pool)
7ED/infestation	7ED	Theme Deck	2001-04-11	Infestation	40	no	7	Fire Elemental (pool); Goblin Glider (pool); Goblin King (pool)
7ED/silver-deck	7ED	Starter Deck	2001-04-11	Silver Deck	30	no	8	Breath of Life (pool); Coral Merfolk (pool); Eager Cadet (pool)
7ED/way-wild	7ED	Theme Deck	2001-04-11	Way Wild	40	no	13	Ancient Silverback (pool); Blanchwood Armor (pool); Gorilla Chieftain (pool)
8ED/expulsion	8ED	Theme Deck	2003-07-28	Expulsion	40	no	10	Abyssal Specter (pool); Coercion (pool); Dark Banishing (pool)
8ED/gold-deck	8ED	Starter Deck	2003-07-28	Gold Deck	33	no	8	Enormous Baloth (pool); Goblin Raider (pool); Grizzly Bears (pool)
8ED/heavy-hitters	8ED	Theme Deck	2003-07-28	Heavy Hitters	40	no	9	Elvish Pioneer (pool); Hunted Wumpus (pool); Llanowar Behemoth (pool)
8ED/life-boost	8ED	Theme Deck	2003-07-28	Life Boost	40	no	8	Angelic Page (pool); Blessed Reversal (pool); Chastise (pool)
8ED/silver-deck	8ED	Starter Deck	2003-07-28	Silver Deck	33	no	7	Coral Eel (pool); Eager Cadet (pool); Fugitive Wizard (pool)
8ED/sky-slam	8ED	Theme Deck	2003-07-28	Sky Slam	40	no	9	Aven Fisher (pool); Fleeting Image (pool); Horned Turtle (pool)
8ED/speed-scorch	8ED	Theme Deck	2003-07-28	Speed Scorch	40	no	4	Goblin Glider (pool); Goblin King (pool); Goblin Raider (pool)
9ED/army-of-justice	9ED	Theme Deck	2005-07-29	Army of Justice	40	no	8	Angel's Feather (pool); Ballista Squad (pool); Chastise (pool)
9ED/custom-creatures	9ED	Theme Deck	2005-07-29	Custom Creatures	40	no	11	Blanchwood Armor (pool); Craw Wurm (pool); Elvish Warrior (pool)
9ED/dead-again	9ED	Theme Deck	2005-07-29	Dead Again	40	no	11	Consume Spirit (pool); Contaminated Bond (pool); Dark Banishing (pool)
9ED/gold-deck	9ED	Starter Deck	2005-08-09	Gold Deck	33	no	8	Enormous Baloth (pool); Goblin Raider (pool); Grizzly Bears (pool)
9ED/lofty-heights	9ED	Theme Deck	2005-07-29	Lofty Heights	40	no	9	Aven Fisher (pool); Aven Windreader (pool); Confiscate (pool)
9ED/silver-deck	9ED	Starter Deck	2005-08-09	Silver Deck	33	no	7	Coral Eel (pool); Eager Cadet (pool); Fugitive Wizard (pool)
9ED/world-aflame	9ED	Theme Deck	2005-07-29	World Aflame	40	no	8	Anarchist (pool); Balduvian Barbarians (pool); Dragon's Claw (pool)
ACR/ancient-arsenal	ACR	Starter Kit	2024-07-05	Ancient Arsenal	60	no	17	Arbaaz Mir (pool); Battlefield Improvisation (pool); Bureau Headmaster (pool)
ACR/brotherhood-agents	ACR	Starter Kit	2024-07-05	Brotherhood Agents	60	no	19	Achilles Davenport (pool); Assassin Den (pool); Assassin Initiate (pool)
AER/ajani-valiant-protector	AER	Planeswalker Deck	2017-01-20	Ajani, Valiant Protector	60	no	22	Aid from the Cowl (pool); Airdrop Aeronauts (pool); Ajani's Aid (pool)
AER/tezzeret-master-of-metal	AER	Planeswalker Deck	2017-01-20	Tezzeret, Master of Metal	60	no	21	Augmenting Automaton (pool); Barricade Breaker (pool); Bastion Inventor (pool)
AFC/aura-of-courage	AFC	Commander Deck	2021-07-23	Aura of Courage	100	no	52	Galea, Kindler of Hope (pool); Abundant Growth (pool); Angel of Finality (pool)
AFC/draconic-rage	AFC	Commander Deck	2021-07-23	Draconic Rage	100	no	58	Vrondiss, Rage of Ancients (pool); Anger (pool); Atarka, World Render (pool)
AFC/dungeons-of-death	AFC	Commander Deck	2021-07-23	Dungeons of Death	100	no	48	Sefris of the Hidden Ways (pool); Arcane Endeavor (pool); Ashen Rider (pool)
AFC/planar-portal	AFC	Commander Deck	2021-07-23	Planar Portal	100	no	56	Prosper, Tome-Bound (pool); Apex of Power (pool); Bag of Devouring (pool)
AFR/armed-and-dangerous	AFR	Arena Starter Deck	2021-09-24	Armed and Dangerous	60	no	20	Arni Brokenbrow (pool); Beskir Shieldmate (pool); Bruenor Battlehammer (pool)
AFR/avalanche	AFR	Arena Starter Deck	2021-09-24	Avalanche!	60	no	17	Ascendant Spirit (pool); Avalanche Caller (pool); Berg Strider (pool)
AFR/control-center	AFR	Arena Starter Deck	2021-09-24	Control Center	60	no	20	Baleful Mastery (pool); Black Dragon (pool); Blue Dragon (pool)
AFR/dungeon-delving	AFR	Arena Starter Deck	2021-09-24	Dungeon Delving	60	no	16	Acererak the Archlich (pool); Barrowin of Clan Undurr (pool); Cloister Gargoyle (pool)
AFR/fireworks	AFR	Arena Starter Deck	2021-09-24	Fireworks	60	no	19	Aegar, the Freezing Flame (pool); Air-Cult Elemental (pool); Arcane Investigator (pool)
AFR/growing-hunger	AFR	Arena Starter Deck	2021-09-24	Growing Hunger	60	no	17	Big Play (pool); Binding the Old Gods (pool); Deathknell Berserker (pool)
AFR/lifeline	AFR	Arena Starter Deck	2021-09-24	Lifeline	60	no	19	Accomplished Alchemist (pool); Celestial Unicorn (pool); Cleric Class (pool)
AFR/rough-and-tumble-amazon	AFR	Arena Starter Kit	2021-08-06	Rough and Tumble Amazon	60	no	15	Asmodeus the Archfiend (pool); Black Dragon (pool); Cleaving Reaper (pool)
AFR/rough-and-tumble	AFR	Arena Starter Kit	2021-08-06	Rough and Tumble	60	no	15	Asmodeus the Archfiend (pool); Black Dragon (pool); Cleaving Reaper (pool)
AFR/savage-lands	AFR	Arena Starter Deck	2021-09-24	Savage Lands	60	no	16	Akoum Hellhound (pool); Brushfire Elemental (pool); Bull's Strength (pool)
AFR/sky-patrol	AFR	Arena Starter Deck	2021-09-24	Sky Patrol	60	no	18	Augury Raven (pool); Behold the Multiverse (pool); Cosmos Charger (pool)
AFR/sneak-attack-amazon	AFR	Arena Starter Kit	2021-08-06	Sneak Attack Amazon	60	no	14	Archmage Emeritus (pool); Arni Brokenbrow (pool); Axgard Cavalry (pool)
AFR/sneak-attack	AFR	Arena Starter Kit	2021-08-06	Sneak Attack	60	no	14	Archmage Emeritus (pool); Arni Brokenbrow (pool); Axgard Cavalry (pool)
AFR/treasure-hunt	AFR	Arena Starter Deck	2021-09-24	Treasure Hunt	60	no	20	Deadly Dispute (pool); Dragon's Fire (pool); Goldspan Dragon (pool)
AKH/gideon-martial-paragon	AKH	Planeswalker Deck	2017-04-28	Gideon, Martial Paragon	60	no	19	Ahn-Crop Crasher (pool); Cartouche of Zeal (pool); Companion of the Trials (pool)
AKH/liliana-death-wielder	AKH	Planeswalker Deck	2017-04-28	Liliana, Death Wielder	60	no	19	Baleful Ammit (pool); Cartouche of Ambition (pool); Cartouche of Strength (pool)
ALA/bant-exalted	ALA	Intro Pack	2008-10-03	Bant Exalted	41	no	13	Akrasan Squire (pool); Angelic Benediction (pool); Battlegrace Angel (pool)
ALA/esper-artifice	ALA	Intro Pack	2008-10-03	Esper Artifice	41	no	16	Cloudheath Drake (pool); Courier's Capsule (pool); Esper Battlemage (pool)
ALA/grixis-undead	ALA	Intro Pack	2008-10-03	Grixis Undead	41	no	16	Agony Warp (pool); Blightning (pool); Blood Cultist (pool)
ALA/naya-behemoths	ALA	Intro Pack	2008-10-03	Naya Behemoths	41	no	12	Bull Cerodon (pool); Cavern Thoctar (pool); Cylian Elf (pool)
ALA/primordial-jund	ALA	Intro Pack	2008-10-03	Primordial Jund	41	no	14	Carrion Thrash (pool); Dragon Fodder (pool); Flameblast Dragon (pool)
ANB/aerial-domination	ANB	Arena Starter Deck	2020-08-13	Aerial Domination	69	no	19	Cloudkin Seer (pool); Frilled Sea Serpent (pool); Glint (pool)
ANB/angelic-army-2	ANB	Arena Starter Deck	2020-03-12	Angelic Army 2	60	no	15	Ajani's Pridemate (pool); Angel of Vitality (pool); Angelic Reward (pool)
ANB/angelic-army	ANB	Arena Starter Deck	2019-09-26	Angelic Army	60	no	15	Ajani's Pridemate (pool); Angel of Vitality (pool); Angelic Reward (pool)
ANB/azure-skies-2	ANB	Arena Starter Deck	2020-03-12	Azure Skies 2	60	no	11	Brineborn Cutthroat (pool); Cloudkin Seer (pool); Dungeon Geists (pool)
ANB/azure-skies	ANB	Arena Starter Deck	2019-09-26	Azure Skies	60	no	12	Brineborn Cutthroat (pool); Cloudkin Seer (pool); Dungeon Geists (pool)
ANB/cold-blooded-killers	ANB	Arena Starter Deck	2020-08-13	Cold-Blooded Killers	69	no	20	Bad Deal (pool); Compound Fracture (pool); Cruel Cut (pool)
ANB/destructive-firepower	ANB	Arena Starter Deck	2020-03-12	Destructive Firepower	60	no	14	Chandra's Outrage (pool); Chandra's Pyrohelix (pool); Chandra's Spitfire (pool)
ANB/dome-destruction	ANB	Arena Starter Deck	2019-09-26	Dome Destruction	60	no	12	Chandra's Outrage (pool); Chandra's Pyrohelix (pool); Chandra's Spitfire (pool)
ANB/forest-s-might-2	ANB	Arena Starter Deck	2020-03-12	Forest's Might 2	60	no	13	Aggressive Mammoth (pool); Barkhide Troll (pool); Gargos, Vicious Watcher (pool)
ANB/forest-s-might	ANB	Arena Starter Deck	2019-09-26	Forest's Might	60	no	13	Aggressive Mammoth (pool); Barkhide Troll (pool); Gargos, Vicious Watcher (pool)
ANB/goblins-everywhere	ANB	Arena Starter Deck	2020-08-13	Goblins Everywhere!	69	no	16	Burn Bright (pool); Goblin Gang Leader (pool); Goblin Gathering (pool)
ANB/keep-the-peace	ANB	Arena Starter Deck	2020-08-13	Keep the Peace	69	no	18	Angel of Vitality (pool); Angelic Guardian (pool); Angelic Reward (pool)
ANB/large-and-in-charge	ANB	Arena Starter Deck	2020-08-13	Large and in Charge	69	no	18	Affectionate Indrik (pool); Baloth Packhunter (pool); Colossal Majesty (pool)
ANB/out-for-blood-2	ANB	Arena Starter Deck	2020-03-12	Out for Blood 2	60	no	16	Agonizing Syphon (pool); Bloodthirsty Aerialist (pool); Bone Splinters (pool)
ANB/out-for-blood	ANB	Arena Starter Deck	2019-09-26	Out for Blood	60	no	15	Bloodthirsty Aerialist (pool); Bolas's Citadel (pool); Child of Night (pool)
APC/burial	APC	Theme Deck	2001-06-04	Burial	60	no	12	Annihilate (pool); Consume Strength (pool); Dead Ringers (pool)
APC/pandemonium	APC	Theme Deck	2001-06-04	Pandemonium	60	no	17	Allied Strategies (pool); Captain's Maneuver (pool); Emblazoned Golem (pool)
APC/swoop	APC	Theme Deck	2001-06-04	Swoop	60	no	16	Aether Mutation (pool); Ceta Sanctuary (pool); Confound (pool)
APC/whirlpool	APC	Theme Deck	2001-06-04	Whirlpool	60	no	18	Bloodfire Dwarf (pool); Bloodfire Infusion (pool); Bloodfire Kavu (pool)
ARB/dead-ahead	ARB	Intro Pack	2009-04-30	Dead Ahead	41	no	17	Bituminous Blast (pool); Blightning (pool); Blister Beetle (pool)
ARB/eternal-siege	ARB	Intro Pack	2009-04-30	Eternal Siege	41	no	19	Beacon Behemoth (pool); Captured Sunlight (pool); Dauntless Escort (pool)
ARB/legion-aloft	ARB	Intro Pack	2009-04-30	Legion Aloft	41	no	16	Arsenal Thresher (pool); Aven Mimeomancer (pool); Esper Cormorants (pool)
ARB/rumbler	ARB	Intro Pack	2009-04-30	Rumbler	41	no	18	Algae Gharial (pool); Blitz Hellion (pool); Bloodbraid Elf (pool)
ARB/unnatural-schemes	ARB	Intro Pack	2009-04-30	Unnatural Schemes	41	no	14	Agony Warp (pool); Architects of Will (pool); Brainbite (pool)
ARC/assemble-the-doomsday-machine	ARC	Archenemy Deck	2010-06-18	Assemble The Doomsday Machine	60	no	30	Agony Warp (pool); Architects of Will (pool); Azorius Signet (pool)
ARC/bring-about-the-undead-apocalypse	ARC	Archenemy Deck	2010-06-18	Bring About The Undead Apocalypse	60	no	27	Artisan of Kozilek (pool); Avatar of Discord (pool); Avatar of Woe (pool)
ARC/scorch-the-world-with-dragonfire	ARC	Archenemy Deck	2010-06-18	Scorch The World With Dragonfire	60	no	25	Battering Craghorn (pool); Branching Bolt (pool); Breath of Darigaaz (pool)
ARC/trample-civilization-underfoot	ARC	Archenemy Deck	2010-06-18	Trample Civilization Underfoot	60	no	27	Armadillo Cloak (pool); Feral Hydra (pool); Fertilid (pool)
ATH/dark-alliance	ATH	Theme Deck	1998-11-01	Dark Alliance	60	no	25	Aesthir Glider (pool); Black Knight (pool); Cuombajj Witches (pool)
ATH/defenders-of-the-cause	ATH	Theme Deck	1998-11-01	Defenders of the Cause	60	no	20	Armageddon (pool); Combat Medic (pool); Erhnam Djinn (pool)
AVR/angelic-might	AVR	Intro Pack	2012-05-04	Angelic Might	60	no	19	Angel of Glory's Rise (pool); Angel's Tomb (pool); Bladed Bracers (pool)
AVR/bound-by-strength	AVR	Intro Pack	2012-05-04	Bound by Strength	60	no	20	Deadeye Navigator (pool); Druid's Familiar (pool); Elgaud Shieldmate (pool)
AVR/death-s-encroach	AVR	Event Deck	2012-05-25	Death's Encroach	75	no	20	Altar's Reap (pool); Cemetery Reaper (pool); Crypt Creeper (pool)
AVR/fiery-dawn	AVR	Intro Pack	2012-05-04	Fiery Dawn	60	no	23	Angelic Armaments (pool); Banners Raised (pool); Benalish Veteran (pool)
AVR/humanity-s-vengeance	AVR	Event Deck	2012-05-25	Humanity's Vengeance	75	no	17	Blade Splicer (pool); Dismember (pool); Divine Deflection (pool)
AVR/slaughterhouse	AVR	Intro Pack	2012-05-04	Slaughterhouse	60	no	21	Barter in Blood (pool); Bloodflow Connoisseur (pool); Bone Splinters (pool)
AVR/solitary-fiends	AVR	Intro Pack	2012-05-04	Solitary Fiends	60	no	21	Alchemist's Apprentice (pool); Corpse Traders (pool); Crippling Chill (pool)
BFZ/call-of-blood	BFZ	Intro Pack	2015-10-02	Call of Blood	60	no	19	Blighted Steppe (stub); Bloodbond Vampire (pool); Courier Griffin (pool)
BFZ/eldrazi-assault	BFZ	Intro Pack	2015-10-02	Eldrazi Assault	60	no	19	Barrage Tyrant (pool); Complete Disregard (pool); Culling Drone (pool)
BFZ/rallying-cry	BFZ	Intro Pack	2015-10-02	Rallying Cry	60	no	20	Angel of Renewal (pool); Angelic Captain (pool); Angelic Gift (pool)
BFZ/swarming-instinct	BFZ	Intro Pack	2015-10-02	Swarming Instinct	60	no	20	Adverse Conditions (pool); Bane of Bala Ged (pool); Blisterpod (pool)
BFZ/ultimate-sacrifice	BFZ	Event Deck	2015-10-02	Ultimate Sacrifice	75	no	22	Blisterpod (pool); Bone Splinters (pool); Brood Butcher (pool)
BFZ/zendikar-s-rage	BFZ	Intro Pack	2015-10-02	Zendikar's Rage	60	no	24	Broodhunter Wurm (pool); Fertile Thicket (stub); Grove Rumbler (pool)
BLB/hare-raising	BLB	Starter Kit	2024-08-02	Hare Raising	60	no	16	Burrowguard Mentor (pool); Byrke, Long Ear of the Law (pool); Carrot Cake (pool)
BLB/otter-limits	BLB	Starter Kit	2024-08-02	Otter Limits	60	no	16	Alania's Pathmaker (pool); Alania, Divergent Storm (pool); Bellowing Crier (pool)
BLC/animated-army	BLC	Commander Deck	2024-08-02	Animated Army	100	no	49	Bello, Bard of the Brambles (pool); Abrade (pool); Alchemist's Talent (pool)
BLC/family-matters	BLC	Commander Deck	2024-08-02	Family Matters	100	no	49	Zinnia, Valley's Voice (pool); Aetherize (pool); Agate Instigator (pool)
BLC/peace-offering	BLC	Commander Deck	2024-08-02	Peace Offering	100	no	49	Ms. Bumbleflower (pool); Baird, Steward of Argive (pool); Bloodroot Apothecary (pool)
BLC/squirreled-away	BLC	Commander Deck	2024-08-02	Squirreled Away	100	no	54	Hazel of the Rootbloom (pool); Academy Manufactor (pool); Arasta of the Endless Web (pool)
BNG/death-s-beginning	BNG	Intro Pack	2014-02-07	Death's Beginning	60	no	24	Archetype of Finality (pool); Asphyxiate (pool); Commune with the Gods (pool)
BNG/forged-in-battle	BNG	Intro Pack	2014-02-07	Forged in Battle	60	no	25	Akroan Conscriptor (pool); Akroan Crusader (pool); Akroan Hoplite (pool)
BNG/gifts-of-the-gods	BNG	Intro Pack	2014-02-07	Gifts of the Gods	60	no	25	Coastline Chimera (pool); Divination (pool); Eternity Snare (pool)
BNG/insatiable-hunger	BNG	Intro Pack	2014-02-07	Insatiable Hunger	60	no	24	Cyclops of One-Eyed Pass (pool); Destructive Revelry (pool); Fall of the Hammer (pool)
BNG/inspiration-struck	BNG	Intro Pack	2014-02-07	Inspiration-Struck	60	no	24	Aerie Worshippers (pool); Arbiter of the Ideal (pool); Black Oak of Odunos (pool)
BNG/underworld-herald	BNG	Event Deck	2014-02-28	Underworld Herald	75	no	23	Agent of the Fates (pool); Bile Blight (pool); Blood Scrivener (pool)
BOK/dark-devotion	BOK	Theme Deck	2005-02-04	Dark Devotion	60	no	20	Blood Speaker (pool); Bloodthirsty Ogre (pool); Call for Blood (pool)
BOK/ninjutsu	BOK	Theme Deck	2005-02-04	Ninjutsu	60	no	21	Field of Reality (pool); Genju of the Falls (pool); Higure, the Still Wind (pool)
BOK/rats-nest	BOK	Theme Deck	2005-02-04	Rats' Nest	60	no	19	Befoul (pool); Dance of Shadows (pool); Genju of the Fens (pool)
BOK/spiritcraft	BOK	Theme Deck	2005-02-04	Spiritcraft	60	no	17	Blessed Breath (pool); Budoka Pupil // Ichiga, Who Topples Oaks (pool); Faithful Squire // Kaiso, Memory of Loyalty (pool)
BRB/chargoyf	BRB	Theme Deck	1999-11-12	Chargoyf	40	no	17	Arc Lightning (pool); Broken Fall (pool); Gorilla Warrior (pool)
BRB/cinder-heart	BRB	Theme Deck	1999-11-12	Cinder Heart	40	no	15	Abyssal Specter (pool); Cackling Fiend (pool); Exhume (pool)
BRB/spirit-gale	BRB	Theme Deck	1999-11-12	Spirit Gale	40	no	10	Blinking Spirit (pool); Control Magic (pool); Curfew (pool)
BRB/the-deluge	BRB	Theme Deck	1999-11-12	The Deluge	40	no	17	Angelic Page (pool); Argothian Elder (pool); Catastrophe (pool)
BRC/mishra-s-burnished-banner	BRC	Commander Deck	2022-11-18	Mishra's Burnished Banner	100	no	51	Mishra, Eminent One (pool); Abrade (pool); Ashnod the Uncaring (pool)
BRC/urza-s-iron-alliance	BRC	Commander Deck	2022-11-18	Urza's Iron Alliance	100	no	55	Urza, Chief Artificer (pool); Alela, Artful Provocateur (pool); Angel of the Ruins (pool)
BTD/aerodoom	BTD	Theme Deck	2000-10-01	Aerodoom	61	no	19	Bone Harvest (pool); Clockwork Avian (pool); Cloud Djinn (pool)
BTD/ground-pounder	BTD	Theme Deck	2000-10-01	Ground Pounder	61	no	22	Balduvian Horde (pool); Ball Lightning (pool); Bloodrock Cyclops (pool)
C13/eternal-bargain	C13	Commander Deck	2013-11-01	Eternal Bargain	100	no	53	Oloro, Ageless Ascetic (pool); Act of Authority (pool); Ajani's Pridemate (pool)
C13/evasive-maneuvers	C13	Commander Deck	2013-11-01	Evasive Maneuvers	100	no	53	Derevi, Empyrial Tactician (stub); Aerie Mystics (pool); Aethermage's Touch (pool)
C13/mind-seize	C13	Commander Deck	2013-11-01	Mind Seize	100	no	55	Jeleva, Nephalia's Scourge (pool); Annihilate (pool); Arcane Melee (pool)
C13/nature-of-the-beast	C13	Commander Deck	2013-11-01	Nature of the Beast	100	no	53	Marath, Will of the Wild (pool); Avenger of Zendikar (pool); Baloth Woodcrasher (pool)
C13/power-hungry	C13	Commander Deck	2013-11-01	Power Hungry	100	no	55	Prossh, Skyraider of Kher (pool); Armillary Sphere (pool); Brooding Saurian (pool)
C14/built-from-scratch	C14	Commander Deck	2014-11-07	Built From Scratch	100	no	48	Daretti, Scrap Savant (pool); Arcane Lighthouse (stub); Beetleback Chief (pool)
C14/forged-in-stone	C14	Commander Deck	2014-11-07	Forged In Stone	100	no	52	Nahiri, the Lithomancer (pool); Adarkar Valkyrie (pool); Afterlife (pool)
C14/guided-by-nature	C14	Commander Deck	2014-11-07	Guided By Nature	100	no	53	Freyalise, Llanowar's Fury (pool); Assault Suit (pool); Beastmaster Ascension (pool)
C14/peer-through-time	C14	Commander Deck	2014-11-07	Peer Through Time	100	no	51	Teferi, Temporal Archmage (pool); Aether Gale (pool); Artisan of Kozilek (pool)
C14/sworn-to-darkness	C14	Commander Deck	2014-11-07	Sworn To Darkness	100	no	55	Ob Nixilis of the Black Oath (pool); Abyssal Persecutor (pool); Aether Snap (pool)
C15/call-the-spirits	C15	Commander Deck	2015-11-13	Call the Spirits	100	no	54	Daxos the Returned (pool); Ajani's Chosen (pool); Aura of Silence (pool)
C15/plunder-the-graves	C15	Commander Deck	2015-11-13	Plunder the Graves	100	no	45	Meren of Clan Nel Toth (pool); Altar's Reap (pool); Banshee of the Dread Choir (pool)
C15/seize-control	C15	Commander Deck	2015-11-13	Seize Control	100	no	56	Mizzix of the Izmagnus (pool); Act of Aggression (pool); Aetherize (pool)
C15/swell-the-host	C15	Commander Deck	2015-11-13	Swell the Host	100	no	49	Ezuri, Claw of Progress (pool); Arachnogenesis (pool); Arbor Colossus (pool)
C15/wade-into-battle	C15	Commander Deck	2015-11-13	Wade into Battle	100	no	49	Kalemne, Disciple of Iroas (pool); Angel of Serenity (pool); Anya, Merciless Angel (pool)
C16/breed-lethality	C16	Commander Deck	2016-11-11	Breed Lethality	100	no	56	Atraxa, Praetors' Voice (pool); Abzan Falconer (pool); Ancient Excavation (pool)
C16/entropic-uprising	C16	Commander Deck	2016-11-11	Entropic Uprising	100	no	54	Yidris, Maelstrom Wielder (pool); Academy Elite (pool); Aeon Chronicler (pool)
C16/invent-superiority	C16	Commander Deck	2016-11-11	Invent Superiority	100	no	52	Breya, Etherium Shaper (stub); Akiri, Line-Slinger (pool); Ancient Excavation (pool)
C16/open-hostility	C16	Commander Deck	2016-11-11	Open Hostility	100	no	58	Saskia the Unyielding (pool); Abzan Charm (pool); Alesha, Who Smiles at Death (pool)
C16/stalwart-unity	C16	Commander Deck	2016-11-11	Stalwart Unity	100	no	56	Kynaios and Tiro of Meletis (pool); Akroan Horse (pool); Arcane Denial (pool)
C17/arcane-wizardry	C17	Commander Deck	2017-08-25	Arcane Wizardry	100	no	53	Inalla, Archmage Ritualist (pool); Apprentice Necromancer (pool); Arcanis the Omnipotent (pool)
C17/draconic-domination	C17	Commander Deck	2017-08-25	Draconic Domination	100	no	56	The Ur-Dragon (pool); Armillary Sphere (pool); Atarka, World Render (pool)
C17/feline-ferocity	C17	Commander Deck	2017-08-25	Feline Ferocity	100	no	60	Arahbo, Roar of the World (pool); Abundance (pool); Alms Collector (pool)
C17/vampiric-bloodlust	C17	Commander Deck	2017-08-25	Vampiric Bloodlust	100	no	57	Edgar Markov (pool); Anowon, the Ruin Sage (pool); Black Market (pool)
C18/adaptive-enchantment	C18	Commander Deck	2018-08-10	Adaptive Enchantment	100	no	60	Estrid, the Masked (pool); Ajani's Chosen (pool); Archetype of Imagination (pool)
C18/exquisite-invention	C18	Commander Deck	2018-08-10	Exquisite Invention	100	no	57	Saheeli, the Gifted (pool); Aether Gale (pool); Ancient Stone Idol (pool)
C18/nature-s-vengeance	C18	Commander Deck	2018-08-10	Nature's Vengeance	100	no	56	Lord Windgrace (pool); Avenger of Zendikar (pool); Baloth Woodcrasher (pool)
C18/subjective-reality	C18	Commander Deck	2018-08-10	Subjective Reality	100	no	53	Adarkar Valkyrie (pool); Aethermage's Touch (pool); Akroma's Vengeance (pool)
C19/faceless-menace	C19	Commander Deck	2019-08-23	Faceless Menace	100	no	56	Kadena, Slinking Sorcerer (pool); Ainok Survivalist (pool); Apex Altisaur (pool)
C19/merciless-rage	C19	Commander Deck	2019-08-23	Merciless Rage	100	no	61	Anje Falkenrath (pool); Aeon Engine (pool); Alchemist's Greeting (pool)
C19/mystic-intellect	C19	Commander Deck	2019-08-23	Mystic Intellect	100	no	57	Sevinne, the Chronoclasm (pool); Armillary Sphere (pool); Azorius Locket (pool)
C19/primal-genesis	C19	Commander Deck	2019-08-23	Primal Genesis	100	no	56	Ghired, Conclave Exile (pool); Angel of Sanctions (pool); Atla Palani, Nest Tender (pool)
C20/arcane-maelstrom	C20	Commander Deck	2020-04-17	Arcane Maelstrom	100	no	56	Kalamax, the Stormsire (pool); Artifact Mutation (pool); Bonder's Ornament (pool)
C20/enhanced-evolution	C20	Commander Deck	2020-04-17	Enhanced Evolution	100	no	57	Otrimi, the Ever-Playful (pool); Animist's Awakening (pool); Archipelagore (pool)
C20/ruthless-regiment	C20	Commander Deck	2020-04-17	Ruthless Regiment	100	no	57	Jirina Kudro (pool); Adriana, Captain of the Guard (pool); Alesha, Who Smiles at Death (pool)
C20/symbiotic-swarm	C20	Commander Deck	2020-04-17	Symbiotic Swarm	100	no	56	Kathril, Aspect Warper (pool); Abzan Ascendancy (pool); Abzan Charm (pool)
C20/timeless-wisdom	C20	Commander Deck	2020-04-17	Timeless Wisdom	100	no	56	Gavi, Nest Warden (pool); Abandoned Sarcophagus (pool); Agitator Ant (pool)
C21/lorehold-legacies	C21	Commander Deck	2021-04-23	Lorehold Legacies	100	no	56	Osgir, the Reconstructor (pool); Alibou, Ancient Witness (pool); Angel of the Ruins (pool)
C21/prismari-performance	C21	Commander Deck	2021-04-23	Prismari Performance	100	no	54	Zaffai, Thunder Conductor (pool); Aether Gale (pool); Aetherspouts (pool)
C21/quantum-quandrix	C21	Commander Deck	2021-04-23	Quantum Quandrix	100	no	56	Adrix and Nev, Twincasters (pool); Arashi, the Sky Asunder (pool); Beast Within (pool)
C21/silverquill-statement	C21	Commander Deck	2021-04-23	Silverquill Statement	100	no	58	Breena, the Demagogue (pool); Angel of Serenity (pool); Author of Shadows (pool)
C21/witherbloom-witchcraft	C21	Commander Deck	2021-04-23	Witherbloom Witchcraft	100	no	56	Willowdusk, Essence Seer (pool); Ageless Entity (pool); Alhammarret's Archive (pool)
CHK/kami-reborn	CHK	Theme Deck	2004-10-01	Kami Reborn	60	no	18	Ashen-Skin Zubera (pool); Burr Grafter (pool); Dance of Shadows (pool)
CHK/snake-s-path	CHK	Theme Deck	2004-10-01	Snake's Path	60	no	13	Hankyu (pool); Junkyo Bell (pool); Kashi-Tribe Reaver (pool)
CHK/spiritbane	CHK	Theme Deck	2004-10-01	Spiritbane	60	no	13	Akki Coalflinger (pool); Battle-Mad Ronin (pool); Blind with Anger (pool)
CHK/way-of-the-warrior	CHK	Theme Deck	2004-10-01	Way of the Warrior	60	no	15	Blessed Breath (pool); Bushi Tenderfoot // Kenzo the Hardhearted (pool); Cage of Hands (pool)
CLB/draconic-dissent	CLB	Commander Deck	2022-06-10	Draconic Dissent	100	no	57	Firkraag, Cunning Instigator (pool); Aether Gale (pool); Agitator Ant (pool)
CLB/exit-from-exile	CLB	Commander Deck	2022-06-10	Exit from Exile	100	no	57	Faldorn, Dread Wolf Herald (pool); Arasta of the Endless Web (pool); Aurora Phoenix (pool)
CLB/mind-flayarrrs	CLB	Commander Deck	2022-06-10	Mind Flayarrrs	100	no	56	Captain N'ghathrod (pool); Aboleth Spawn (pool); Black Market (pool)
CLB/party-time	CLB	Commander Deck	2022-06-10	Party Time	100	no	61	Nalia de'Arnise (pool); Archpriest of Iona (pool); Austere Command (pool)
CM2/breed-lethality	CM2	Commander Deck	2018-06-08	Breed Lethality	100	no	56	Atraxa, Praetors' Voice (pool); Abzan Falconer (pool); Ancient Excavation (pool)
CM2/built-from-scratch	CM2	Commander Deck	2018-06-08	Built From Scratch	100	no	48	Daretti, Scrap Savant (pool); Arcane Lighthouse (stub); Beetleback Chief (pool)
CM2/devour-for-power	CM2	Commander Deck	2018-06-08	Devour for Power	100	no	52	The Mimeoplasm (pool); Artisan of Kozilek (pool); Avatar of Woe (pool)
CM2/wade-into-battle	CM2	Commander Deck	2018-06-08	Wade into Battle	100	no	49	Kalemne, Disciple of Iroas (pool); Angel of Serenity (pool); Anya, Merciless Angel (pool)
CMA/evasive-maneuvers	CMA	Commander Deck	2017-06-09	Evasive Maneuvers	100	no	53	Derevi, Empyrial Tactician (stub); Aerie Mystics (pool); Aethermage's Touch (pool)
CMA/guided-by-nature	CMA	Commander Deck	2017-06-09	Guided by Nature	100	no	53	Freyalise, Llanowar's Fury (pool); Assault Suit (pool); Beastmaster Ascension (pool)
CMA/heavenly-inferno	CMA	Commander Deck	2017-06-09	Heavenly Inferno	100	no	51	Kaalia of the Vast (pool); Akroma's Vengeance (pool); Akroma, Angel of Fury (pool)
CMA/plunder-the-graves	CMA	Commander Deck	2017-06-09	Plunder the Graves	100	no	45	Meren of Clan Nel Toth (pool); Altar's Reap (pool); Banshee of the Dread Choir (pool)
CMD/counterpunch	CMD	Commander Deck	2011-06-17	Counterpunch	100	no	50	Ghave, Guru of Spores (pool); Acorn Catapult (pool); Afterlife (pool)
CMD/devour-for-power	CMD	Commander Deck	2011-06-17	Devour for Power	100	no	52	The Mimeoplasm (pool); Artisan of Kozilek (pool); Avatar of Woe (pool)
CMD/heavenly-inferno	CMD	Commander Deck	2011-06-17	Heavenly Inferno	100	no	51	Kaalia of the Vast (pool); Akroma's Vengeance (pool); Akroma, Angel of Fury (pool)
CMD/mirror-mastery	CMD	Commander Deck	2011-06-17	Mirror Mastery	100	no	54	Riku of Two Reflections (pool); Aethersnipe (pool); Animar, Soul of Elements (pool)
CMD/political-puppets	CMD	Commander Deck	2011-06-17	Political Puppets	100	no	59	Zedruu the Greathearted (pool); Arbiter of Knollridge (pool); Armillary Sphere (pool)
CMM/eldrazi-unbound	CMM	Commander Deck	2023-08-04	Eldrazi Unbound	100	no	61	Zhulodok, Void Gorger (pool); Abstruse Archaic (pool); All Is Dust (pool)
CMM/enduring-enchantments	CMM	Commander Deck	2023-08-04	Enduring Enchantments	100	no	53	Anikthea, Hand of Erebos (pool); Abundance (pool); Arasta of the Endless Web (pool)
CMM/planeswalker-party	CMM	Commander Deck	2023-08-04	Planeswalker Party	100	no	57	Commodore Guff (pool); Ajani Steadfast (pool); Azorius Signet (pool)
CMM/sliver-swarm	CMM	Commander Deck	2023-08-04	Sliver Swarm	100	no	54	Sliver Gravemother (pool); Blur Sliver (pool); Bonescythe Sliver (pool)
CMR/arm-for-battle	CMR	Commander Deck	2020-11-20	Arm for Battle	100	no	52	Wyleth, Soul of Steel (pool); Abrade (pool); Blackblade Reforged (pool)
CMR/reap-the-tides	CMR	Commander Deck	2020-11-20	Reap the Tides	100	no	40	Arcane Denial (pool); Avenger of Zendikar (pool); Beast Within (pool)
CON_/bant-on-the-march	CON	Intro Pack	2009-02-06	Bant on the March	41	no	16	Aerie Mystics (pool); Asha's Favor (pool); Aven Squire (pool)
CON_/esper-air-assault	CON	Intro Pack	2009-02-06	Esper Air Assault	41	no	17	Court Homunculus (pool); Darklit Gargoyle (pool); Esper Cormorants (pool)
CON_/grixis-shambling-army	CON	Intro Pack	2009-02-06	Grixis Shambling Army	41	no	17	Absorb Vis (pool); Agony Warp (pool); Blood Tyrant (pool)
CON_/jund-appetite-for-war	CON	Intro Pack	2009-02-06	Jund Appetite for War	41	no	17	Branching Bolt (pool); Carrion Thrash (pool); Charnelhoard Wurm (pool)
CON_/naya-domain	CON	Intro Pack	2009-02-06	Naya Domain	41	no	18	Aven Trailblazer (pool); Beacon Behemoth (pool); Drag Down (pool)
CSP/aurochs-stampede	CSP	Theme Deck	2006-07-21	Aurochs Stampede	60	no	18	Aurochs Herd (pool); Balduvian Rage (pool); Boreal Druid (pool)
CSP/beyond-the-grave	CSP	Theme Deck	2006-07-21	Beyond The Grave	60	no	20	Ashen Ghoul (pool); Balduvian Dead (pool); Barbed Sextant (pool)
CSP/kjeldoran-cunning	CSP	Theme Deck	2006-07-21	Kjeldoran Cunning	60	no	16	Binding Grasp (pool); Darien, King of Kjeldor (pool); Field Marshal (pool)
CSP/snowscape	CSP	Theme Deck	2006-07-21	Snowscape	60	no	24	Arcum's Weathervane (pool); Balduvian Frostwaker (pool); Blizzard Specter (pool)
DD1/elves	DD1	Duel Deck	2007-11-16	Elves	60	no	20	Allosaurus Rider (pool); Ambush Commander (pool); Elvish Eulogist (pool)
DD1/goblins	DD1	Duel Deck	2007-11-16	Goblins	60	no	19	Akki Coalflinger (pool); Boggart Shenanigans (pool); Emberwilde Augur (pool)
DD2/chandra-japanese	DD2	Duel Deck	2008-11-07	Chandra Japanese	60	no	20	Chandra Nalaar (pool); Chartooth Cougar (pool); Cone of Flame (pool)
DD2/chandra	DD2	Duel Deck	2008-11-07	Chandra	60	no	20	Chandra Nalaar (pool); Chartooth Cougar (pool); Cone of Flame (pool)
DD2/jace-japanese	DD2	Duel Deck	2008-11-07	Jace Japanese	60	no	19	Aethersnipe (pool); Brine Elemental (pool); Condescend (pool)
DD2/jace	DD2	Duel Deck	2008-11-07	Jace	60	no	19	Aethersnipe (pool); Brine Elemental (pool); Condescend (pool)
DDC/demonic	DDC	Duel Deck	2009-04-10	Demonic	60	no	19	Abyssal Gatekeeper (pool); Abyssal Specter (pool); Barter in Blood (pool)
DDC/divine	DDC	Duel Deck	2009-04-10	Divine	60	no	15	Akroma, Angel of Wrath (pool); Angel's Feather (pool); Angelic Benediction (pool)
DDD/garruk	DDD	Duel Deck	2009-10-30	Garruk	60	no	17	Albino Troll (pool); Basking Rootwalla (pool); Beast Attack (pool)
DDD/liliana	DDD	Duel Deck	2009-10-30	Liliana	60	no	24	Bad Moon (pool); Corrupt (pool); Deathgreeter (pool)
DDE/phyrexia	DDE	Duel Deck	2010-03-19	Phyrexia	60	no	16	Bone Shredder (pool); Hideous End (pool); Hornet Cannon (pool)
DDE/the-coalition	DDE	Duel Deck	2010-03-19	The Coalition	60	no	22	Allied Strategies (pool); Armadillo Cloak (pool); Charging Troll (pool)
DDF/elspeth	DDF	Duel Deck	2010-09-03	Elspeth	60	no	26	Abolish (pool); Angel of Salvation (pool); Blinding Beam (pool)
DDF/tezzeret	DDF	Duel Deck	2010-09-03	Tezzeret	60	no	29	Arcbound Worker (pool); Argivian Restoration (pool); Assembly-Worker (pool)
DDG/dragons	DDG	Duel Deck	2011-04-01	Dragons	60	no	26	Armillary Sphere (pool); Bloodmark Mentor (pool); Bogardan Hellkite (pool)
DDG/knights	DDG	Duel Deck	2011-04-01	Knights	60	no	28	Benalish Lancer (pool); Caravan Escort (pool); Edge of Autumn (pool)
DDH/ajani-goldmane	DDH	Duel Deck	2011-09-02	Ajani Goldmane	60	no	31	Ageless Entity (pool); Ajani Vengeant (pool); Ajani's Mantra (pool)
DDH/nicol-bolas	DDH	Duel Deck	2011-09-02	Nicol Bolas	60	no	30	Agonizing Demise (pool); Blazing Specter (pool); Brackwater Elemental (pool)
DDI/koth	DDI	Duel Deck	2012-03-30	Koth	60	no	23	Aether Membrane (pool); Anger (pool); Armillary Sphere (pool)
DDI/venser	DDI	Duel Deck	2012-03-30	Venser	60	no	27	Augury Owl (pool); Cache Raiders (pool); Clone (pool)
DDJ/golgari	DDJ	Duel Deck	2012-09-07	Golgari	60	no	30	Boneyard Wurm (pool); Brain Weevil (pool); Dakmor Salvage (stub)
DDJ/izzet	DDJ	Duel Deck	2012-09-07	Izzet	60	no	32	Call to Heel (pool); Dissipate (pool); Djinn Illuminatus (pool)
DDK/sorin	DDK	Duel Deck	2013-03-15	Sorin	60	no	30	Absorb Vis (pool); Bloodrage Vampire (pool); Butcher of Malakir (pool)
DDK/tibalt	DDK	Duel Deck	2013-03-15	Tibalt	60	no	31	Ashmouth Hound (pool); Blazing Salvo (pool); Blightning (pool)
DDL/heroes	DDL	Duel Deck	2013-09-06	Heroes	60	no	28	Anax and Cymede (pool); Armory Guard (pool); Auramancer (pool)
DDL/monsters	DDL	Duel Deck	2013-09-06	Monsters	60	no	26	Beast Within (pool); Blood Ogre (pool); Conquering Manticore (pool)
DDM/jace	DDM	Duel Deck	2014-03-14	Jace	60	no	33	Aeon Chronicler (pool); Aether Adept (pool); Aether Figment (pool)
DDM/vraska	DDM	Duel Deck	2014-03-14	Vraska	60	no	31	Consume Strength (pool); Corpse Traders (pool); Death-Hood Cobra (pool)
DDN/cunning	DDN	Duel Deck	2014-09-05	Cunning	60	no	28	Aquamorph Entity (pool); Arcanis the Omnipotent (pool); Arrow Volley Trap (pool)
DDN/speed	DDN	Duel Deck	2014-09-05	Speed	60	no	28	Act of Treason (pool); Arc Trail (pool); Banefire (pool)
DDO/elspeth	DDO	Duel Deck	2015-02-27	Elspeth	60	no	26	Banisher Priest (pool); Captain of the Watch (pool); Celestial Flare (pool)
DDO/kiora	DDO	Duel Deck	2015-02-27	Kiora	60	no	22	Accumulated Knowledge (pool); Aetherize (pool); Explore (pool)
DDP/eldrazi	DDP	Duel Deck	2015-08-28	Eldrazi	60	no	26	Artisan of Kozilek (pool); Bloodrite Invoker (pool); Bloodthrone Vampire (pool)
DDP/zendikar	DDP	Duel Deck	2015-08-28	Zendikar	60	no	29	Affa Guard Hound (pool); Avenger of Zendikar (pool); Beastbreaker of Bala Ged (pool)
DDQ/blessed	DDQ	Duel Deck	2016-02-26	Blessed	60	no	31	Bonds of Faith (pool); Butcher's Cleaver (pool); Captain of the Mists (pool)
DDQ/cursed	DDQ	Duel Deck	2016-02-26	Cursed	60	no	29	Abattoir Ghoul (pool); Appetite for Brains (pool); Barter in Blood (pool)
DDR/nissa	DDR	Duel Deck	2016-09-02	Nissa	60	no	26	Abundance (pool); Briarhorn (pool); Citanul Woodreaders (pool)
DDR/ob-nixilis	DDR	Duel Deck	2016-09-02	Ob Nixilis	60	no	27	Altar's Reap (pool); Bala Ged Scorpion (pool); Blistergrub (pool)
DDS/might	DDS	Duel Deck	2017-03-31	Might	60	no	22	Ambassador Oak (pool); Beacon of Destruction (pool); Beast Attack (pool)
DDS/mind	DDS	Duel Deck	2017-03-31	Mind	60	no	25	Beacon of Tomorrows (pool); Deep-Sea Kraken (pool); Desperate Ritual (pool)
DDT/goblins	DDT	Duel Deck	2017-11-10	Goblins	60	no	26	Battle Squadron (pool); Boggart Brute (pool); Brittle Effigy (pool)
DDT/merfolk	DDT	Duel Deck	2017-11-10	Merfolk	60	no	22	Aquitect's Will (pool); Claustrophobia (pool); Cold-Eyed Selkie (pool)
DDU/ingenious-machinists	DDU	Duel Deck	2018-04-06	Ingenious Machinists	60	no	28	Artificer's Epiphany (pool); Barrage Ogre (pool); Darksteel Plate (pool)
DDU/woodland-warriors	DDU	Duel Deck	2018-04-06	Woodland Warriors	60	no	23	Dwynen's Elite (pool); Dwynen, Gilt-Leaf Daen (pool); Elvish Aberration (pool)
DGM/azorius-authority	DGM	Intro Pack	2013-05-03	Azorius Authority	60	no	19	Arrest (pool); Ascended Lawmage (pool); Avenging Arrow (pool)
DGM/gruul-siege	DGM	Intro Pack	2013-05-03	Gruul Siege	60	no	20	Armed // Dangerous (pool); Cobblebrute (pool); Feral Animist (pool)
DGM/orzhov-power	DGM	Intro Pack	2013-05-03	Orzhov Power	60	no	22	Assassin's Strike (pool); Bane Alley Blackguard (pool); Basilica Guards (pool)
DGM/rakdos-revelry	DGM	Intro Pack	2013-05-03	Rakdos Revelry	60	no	20	Awe for the Guilds (pool); Bloodfray Giant (pool); Carnage Gladiator (pool)
DGM/simic-domination	DGM	Intro Pack	2013-05-03	Simic Domination	60	no	22	Archweaver (pool); Battering Krasis (pool); Beetleform Mage (pool)
DGM/strength-of-selesnya	DGM	Event Deck	2013-05-24	Strength Of Selesnya	75	no	20	Advent of the Wurm (pool); Call of the Conclave (pool); Champion of Lambholt (pool)
DIS/azorius-ascendant	DIS	Theme Deck	2006-05-05	Azorius Ascendant	60	no	22	Azorius First-Wing (pool); Azorius Guildmage (pool); Beacon Hawk (pool)
DIS/rakdos-bloodsport	DIS	Theme Deck	2006-05-05	Rakdos Bloodsport	60	no	20	Cackling Flames (pool); Demon's Jester (pool); Douse in Gloom (pool)
DIS/simic-mutology	DIS	Theme Deck	2006-05-05	Simic Mutology	60	no	18	Drowned Rusalka (pool); Experiment Kraj (pool); Flash Foliage (pool)
DKA/dark-sacrifice	DKA	Intro Pack	2012-02-03	Dark Sacrifice	60	no	24	Altar's Reap (pool); Avacyn's Collar (pool); Champion of the Parish (pool)
DKA/gleeful-flames	DKA	Event Deck	2012-02-24	Gleeful Flames	75	no	20	Artillerize (pool); Brimstone Volley (pool); Curse of Stalked Prey (pool)
DKA/grave-power	DKA	Intro Pack	2012-02-03	Grave Power	60	no	20	Aether Adept (pool); Alluring Siren (pool); Ambush Viper (pool)
DKA/monstrous-surprise	DKA	Intro Pack	2012-02-03	Monstrous Surprise	60	no	17	Flayer of the Hatebound (pool); Fling (pool); Goblin Arsonist (pool)
DKA/relentless-dead	DKA	Intro Pack	2012-02-03	Relentless Dead	60	no	23	Abattoir Ghoul (pool); Black Cat (pool); Cellar Door (pool)
DKA/spiraling-doom	DKA	Event Deck	2012-02-24	Spiraling Doom	75	no	22	Bloodgift Demon (pool); Brutalizer Exarch (pool); Doom Blade (pool)
DKA/swift-justice	DKA	Intro Pack	2012-02-03	Swift Justice	60	no	22	Ashmouth Hound (pool); Assault Griffin (pool); Bloodcrazed Neonate (pool)
DKM/finkel	DKM	Theme Deck	2001-12-01	Finkel	62	no	16	Abyssal Specter (pool); Balduvian Horde (pool); Contagion (pool)
DKM/garfield	DKM	Theme Deck	2001-12-01	Garfield	62	no	17	Balduvian Bears (pool); Barbed Sextant (pool); Bounty of the Hunt (pool)
DMC/legends-legacy	DMC	Commander Deck	2022-09-09	Legends' Legacy	100	no	53	Dihada, Binder of Wills (pool); Adriana, Captain of the Guard (pool); Alesha, Who Smiles at Death (pool)
DMC/painbow	DMC	Commander Deck	2022-09-09	Painbow	100	no	49	Jared Carthalion (pool); Abundant Growth (pool); Abzan Charm (pool)
DMU/sneak-squad	DMU	Arena Promotional Deck	2022-09-09	Sneak Squad	60	no	17	Aven Heartstabber (pool); Blade of the Oni (pool); Cemetery Tampering (pool)
DOM/azorius-ascension	DOM	Arena Starter Deck	2018-03-22	Azorius Ascension	60	no	29	Angel of Sanctions (pool); Angler Drake (pool); Arch of Orazca (stub)
DOM/boros-assault	DOM	Arena Starter Deck	2018-03-22	Boros Assault	60	no	31	Abrade (pool); Adorned Pouncer (pool); Ahn-Crop Crasher (pool)
DOM/chandra-bold-pyromancer	DOM	Planeswalker Deck	2018-04-27	Chandra, Bold Pyromancer	60	no	18	Baloth Gorger (pool); Chandra's Outburst (pool); Chandra, Bold Pyromancer (pool)
DOM/dimir-manipulation	DOM	Arena Starter Deck	2018-03-22	Dimir Manipulation	60	no	25	Angler Drake (pool); Cancel (pool); Censor (pool)
DOM/golgari-exploration	DOM	Arena Starter Deck	2018-03-22	Golgari Exploration	60	no	26	Deadeye Tracker (pool); Doomfall (pool); Emperor's Vanguard (pool)
DOM/izzet-spellweaving	DOM	Arena Starter Deck	2018-03-22	Izzet Spellweaving	60	no	25	Abrade (pool); Bloodwater Entity (pool); Cancel (pool)
DOM/selesnya-pride	DOM	Arena Starter Deck	2018-03-22	Selesnya Pride	60	no	25	Adorned Pouncer (pool); Ahn-Crop Champion (pool); Ambuscade (pool)
DOM/teferi-timebender	DOM	Planeswalker Deck	2018-04-27	Teferi, Timebender	60	no	16	Aesthir Glider (pool); Befuddle (pool); Daring Archaeologist (pool)
DOM/the-brazen-coalition	DOM	Arena Starter Deck	2018-03-22	The Brazen Coalition	60	no	28	Abrade (pool); Buccaneer's Bravado (pool); Captain Lannery Storm (pool)
DOM/the-legion-of-dusk	DOM	Arena Starter Deck	2018-03-22	The Legion of Dusk	60	no	30	Adanto Vanguard (pool); Anointed Deacon (pool); Baffling End (pool)
DOM/the-river-heralds	DOM	Arena Starter Deck	2018-03-22	The River Heralds	60	no	27	Chart a Course (pool); Deeproot Waters (pool); Dive Down (pool)
DOM/the-sun-empire	DOM	Arena Starter Deck	2018-03-22	The Sun Empire	60	no	28	Abrade (pool); Burning Sun's Avatar (pool); Channeler Initiate (pool)
DPA/ears-of-the-elves	DPA	Duel Of The Planeswalkers Deck	2010-06-04	Ears of the Elves	60	no	19	Coat of Arms (pool); Drove of Elves (pool); Elven Riders (pool)
DPA/eyes-of-shadow	DPA	Duel Of The Planeswalkers Deck	2010-06-04	Eyes of Shadow	60	no	16	Abyssal Specter (pool); Ascendant Evincar (pool); Consume Spirit (pool)
DPA/hands-of-flame	DPA	Duel Of The Planeswalkers Deck	2010-06-04	Hands of Flame	60	no	13	Act of Treason (pool); Banefire (pool); Bloodmark Mentor (pool)
DPA/teeth-of-the-predator	DPA	Duel Of The Planeswalkers Deck	2010-06-04	Teeth of the Predator	60	no	14	Blanchwood Armor (pool); Civic Wayfinder (pool); Duskdale Wurm (pool)
DPA/thoughts-of-the-wind	DPA	Duel Of The Planeswalkers Deck	2010-06-04	Thoughts of the Wind	60	no	12	Cancel (pool); Cloud Sprite (pool); Counterbore (pool)
DRC/eternal-might	DRC	Commander Deck	2025-02-14	Eternal Might	100	no	53	Temmet, Naktamun's Will (pool); Angel of Sanctions (pool); Archfiend of Ifnir (pool)
DRC/living-energy	DRC	Commander Deck	2025-02-14	Living Energy	100	no	56	Saheeli, Radiant Creator (pool); Adaptive Omnitool (pool); Aether Hub (stub)
DSC/death-toll	DSC	Commander Deck	2024-09-27	Death Toll	100	no	52	Winter, Cynical Opportunist (pool); Arachnogenesis (pool); Binding the Old Gods (pool)
DSC/endless-punishment	DSC	Commander Deck	2024-09-27	Endless Punishment	100	no	53	Valgavoth, Harrower of Souls (pool); Barbflare Gremlin (pool); Bastion of Remembrance (pool)
DSC/jump-scare	DSC	Commander Deck	2024-09-27	Jump Scare!	100	no	55	Zimone, Mystery Unraveler (pool); Aether Gale (pool); Arixmethes, Slumbering Isle (pool)
DSC/miracle-worker	DSC	Commander Deck	2024-09-27	Miracle Worker	100	no	55	Aminatou, Veil Piercer (pool); Aminatou's Augury (pool); Ancient Cellarspawn (pool)
DSK/black-deck	DSK	Welcome Deck	2024-09-30	Black Deck	30	no	15	Bogstomper (pool); Bone Picker (pool); Crooked Custodian (pool)
DSK/blue-deck	DSK	Welcome Deck	2024-09-30	Blue Deck	30	no	14	Academy Journeymage (pool); Charmed Sleep (pool); Chart a Course (pool)
DSK/green-deck	DSK	Welcome Deck	2024-09-30	Green Deck	30	no	14	Canopy Baloth (pool); Clear Shot (pool); Colossal Dreadmaw (pool)
DSK/red-deck	DSK	Welcome Deck	2024-09-30	Red Deck	30	no	14	Antagonize (pool); Chandra's Magmutt (pool); Demanding Dragon (pool)
DSK/white-deck	DSK	Welcome Deck	2024-09-30	White Deck	30	no	14	Aerial Responder (pool); Alpine Watchdog (pool); Banishing Light (pool)
DST/master-blaster	DST	Theme Deck	2004-02-06	Master Blaster	60	no	14	Barbed Lightning (pool); Darksteel Brute (pool); Detonate (pool)
DST/mind-swarm	DST	Theme Deck	2004-02-06	Mind Swarm	60	no	16	Chittering Rats (pool); Clockwork Vorrac (pool); Dross Golem (pool)
DST/swarm-slam	DST	Theme Deck	2004-02-06	Swarm & Slam	60	no	15	Arrest (pool); Echoing Courage (pool); Infested Roothold (pool)
DST/transference	DST	Theme Deck	2004-02-06	Transference	60	no	19	Arcbound Bruiser (pool); Arcbound Crusher (pool); Arcbound Fiend (pool)
DTK/cruel-plots	DTK	Intro Pack	2015-03-27	Cruel Plots	60	no	25	Coat with Venom (pool); Death Wind (pool); Dutiful Attendant (pool)
DTK/enlightened-mastery	DTK	Intro Pack	2015-03-27	Enlightened Mastery	60	no	23	Ancient Carp (pool); Anticipate (pool); Artful Maneuver (pool)
DTK/furious-forces	DTK	Intro Pack	2015-03-27	Furious Forces	60	no	25	Atarka Beastbreaker (pool); Atarka Monument (pool); Berserkers' Onslaught (pool)
DTK/landslide-charge	DTK	Event Deck	2015-03-27	Landslide Charge	75	no	24	Arc Lightning (pool); Boon Satyr (pool); Crater's Claws (pool)
DTK/massed-ranks	DTK	Intro Pack	2015-03-27	Massed Ranks	60	no	21	Arashin Sovereign (pool); Aven Tactician (pool); Champion of Arashin (pool)
DTK/relentless-rush	DTK	Intro Pack	2015-03-27	Relentless Rush	60	no	21	Ambuscade Shaman (pool); Boltwing Marauder (pool); Defeat (pool)
DVD/demonic	DVD	Duel Deck	2014-12-05	Demonic	60	no	19	Abyssal Gatekeeper (pool); Abyssal Specter (pool); Barter in Blood (pool)
DVD/divine	DVD	Duel Deck	2014-12-05	Divine	60	no	15	Akroma, Angel of Wrath (pool); Angel's Feather (pool); Angelic Benediction (pool)
E01/archenemy-nicol-bolas	E01	Archenemy Deck	2017-06-16	Archenemy Nicol Bolas	60	no	21	Archfiend of Depravity (pool); Blood Tyrant (pool); Bone Picker (pool)
E01/chandra	E01	Archenemy Deck	2017-06-16	Chandra	60	no	22	Avatar of Fury (pool); Battle-Rattle Shaman (pool); Blood Ogre (pool)
E01/gideon	E01	Archenemy Deck	2017-06-16	Gideon	60	no	23	Aegis Angel (pool); Aerial Responder (pool); Anointer of Champions (pool)
E01/nissa	E01	Archenemy Deck	2017-06-16	Nissa	60	no	25	Compulsive Research (pool); Explore (pool); Fertilid (pool)
E02/brazen-coalition	E02	Theme Deck	2017-11-24	Brazen Coalition	60	no	23	Adaptive Automaton (pool); Angrath's Marauders (pool); Blatant Thievery (pool)
E02/legion-of-dusk	E02	Theme Deck	2017-11-24	Legion of Dusk	60	no	24	Anointed Deacon (pool); Beacon of Immortality (pool); Bishop of the Bloodstained (pool)
E02/river-heralds	E02	Theme Deck	2017-11-24	River Heralds	60	no	17	Aether Gale (pool); Deeproot Warrior (pool); Kumena's Speaker (pool)
E02/sun-empire	E02	Theme Deck	2017-11-24	Sun Empire	60	no	26	Aggravated Assault (pool); Ancient Brontodon (pool); Bellowing Aegisaur (pool)
ECC/blight-curse	ECC	Commander Deck	2026-01-23	Blight Curse	100	no	53	Auntie Ool, Cursewretch (pool); Aberrant Return (pool); Archfiend of Ifnir (pool)
ECC/dance-of-the-elements	ECC	Commander Deck	2026-01-23	Dance of the Elements	100	no	48	Ashling, the Limitless (pool); Abundant Growth (pool); Avenger of Zendikar (pool)
ECL/angels	ECL	Theme Deck	2026-01-23	Angels	60	no	14	Chomping Changeling (pool); Exemplar of Light (pool); Get Lost (pool)
ECL/pirates	ECL	Theme Deck	2026-01-23	Pirates	60	no	14	Broadside Barrage (pool); Burst Lightning (pool); Captain Howler, Sea Scourge (pool)
ELD/faerie-schemes	ELD	Brawl Deck	2019-10-04	Faerie Schemes	60	no	33	Alela, Artful Provocateur (pool); All That Glitters (pool); Ancestral Blade (pool)
ELD/knights-charge	ELD	Brawl Deck	2019-10-04	Knights' Charge	60	no	34	Syr Gwyn, Hero of Ashvale (pool); Ancestral Blade (pool); Belle of the Brawl (pool)
ELD/oko-the-trickster	ELD	Planeswalker Deck	2019-10-04	Oko, the Trickster	60	no	16	Beanstalk Giant // Fertile Footsteps (pool); Bramblefort Fink (pool); Charmed Sleep (pool)
ELD/rowan-fearless-sparkmage	ELD	Planeswalker Deck	2019-10-04	Rowan, Fearless Sparkmage	60	no	16	Acclaimed Contender (pool); Ardenvale Tactician // Dizzying Swoop (pool); Garrison Griffin (pool)
ELD/savage-hunger	ELD	Brawl Deck	2019-10-04	Savage Hunger	60	no	34	Korvold, Fae-Cursed King (pool); Angrath, Captain of Chaos (pool); Bake into a Pie (pool)
ELD/wild-bounty	ELD	Brawl Deck	2019-10-04	Wild Bounty	60	no	33	Chulane, Teller of Tales (pool); Beanstalk Giant // Fertile Footsteps (pool); Biomancer's Familiar (pool)
EMN/dangerous-knowledge	EMN	Intro Pack	2016-07-22	Dangerous Knowledge	60	no	24	Bedlam Reveler (pool); Convolute (pool); Dance with Devils (pool)
EMN/shallow-graves	EMN	Intro Pack	2016-07-22	Shallow Graves	60	no	24	Advanced Stitchwing (pool); Boon of Emrakul (pool); Cemetery Recruitment (pool)
EMN/unlikely-alliances	EMN	Intro Pack	2016-07-22	Unlikely Alliances	60	no	23	Angelic Purge (pool); Blessed Alliance (pool); Borrowed Grace (pool)
EMN/untamed-wild	EMN	Intro Pack	2016-07-22	Untamed Wild	60	no	22	Assembled Alphas (pool); Blood Mist (pool); Bold Impaler (pool)
EMN/weapons-and-wards	EMN	Intro Pack	2016-07-22	Weapons and Wards	60	no	24	Choking Restraints (pool); Courageous Outrider (pool); Crossroads Consecrator (pool)
EOC/counter-intelligence	EOC	Commander Deck	2025-08-01	Counter Intelligence	100	no	55	Alibou, Ancient Witness (pool); Angel of the Ruins (pool); Astral Cornucopia (pool)
EOC/world-shaper	EOC	Commander Deck	2025-08-01	World Shaper	100	no	54	Hearthhull, the Worldseed (pool); Aftermath Analyst (pool); Augur of Autumn (pool)
EVE/battle-blitz	EVE	Theme Deck	2008-07-25	Battle Blitz	60	no	20	Balefire Liege (pool); Ballynock Cohort (pool); Ballynock Trapper (pool)
EVE/death-march	EVE	Theme Deck	2008-07-25	Death March	60	no	19	Cankerous Thirst (pool); Creakwood Liege (pool); Desecrator Hag (pool)
EVE/life-drain	EVE	Theme Deck	2008-07-25	Life Drain	60	no	24	Apothecary Initiate (pool); Archon of Justice (pool); Batwing Brume (pool)
EVE/sidestep	EVE	Theme Deck	2008-07-25	Sidestep	60	no	21	Burn Trail (pool); Clout of the Dominus (pool); Crag Puca (pool)
EVE/superabundance	EVE	Theme Deck	2008-07-25	Superabundance	60	no	22	Cerulean Wisps (pool); Dream Fracture (pool); Drowner Initiate (pool)
EVG/elves	EVG	Duel Deck	2014-12-05	Elves	60	no	20	Allosaurus Rider (pool); Ambush Commander (pool); Elvish Eulogist (pool)
EVG/goblins	EVG	Duel Deck	2014-12-05	Goblins	60	no	19	Akki Coalflinger (pool); Boggart Shenanigans (pool); Emberwilde Augur (pool)
EXO/dominator-advanced-deck	EXO	Advanced Deck	1998-06-15	Dominator - Advanced Deck	75	no	18	Capsize (pool); Erratic Portal (pool); Force Spike (pool)
EXO/dominator-basic-deck	EXO	Theme Deck	1998-06-15	Dominator - Basic Deck	60	no	14	Capsize (pool); Cloud Spirit (pool); Dominating Licid (pool)
EXO/groundbreaker-advanced-deck	EXO	Advanced Deck	1998-06-15	Groundbreaker - Advanced Deck	75	no	18	Anarchist (pool); Diabolic Edict (pool); Dirtcowl Wurm (pool)
EXO/groundbreaker-basic-deck	EXO	Theme Deck	1998-06-15	Groundbreaker - Basic Deck	60	no	15	Anarchist (pool); Dauthi Jackal (pool); Dauthi Slayer (pool)
EXO/white-heat-advanced-deck	EXO	Advanced Deck	1998-06-15	White Heat - Advanced Deck	75	no	19	Armageddon (pool); Incinerate (pool); Kindle (pool)
EXO/white-heat-basic-deck	EXO	Theme Deck	1998-06-15	White Heat - Basic Deck	60	no	15	Kindle (pool); Knight of Dawn (pool); Limited Resources (pool)
EXO/widowmaker-advanced-deck	EXO	Advanced Deck	1998-06-15	Widowmaker - Advanced Deck	75	no	20	Ancestral Memories (pool); Dissipate (pool); Haunting Misery (pool)
EXO/widowmaker-basic-deck	EXO	Theme Deck	1998-06-15	Widowmaker - Basic Deck	60	no	14	Capsize (pool); Dark Banishing (pool); Diabolic Edict (pool)
FDC/calling-all-angels	FDC	Commander Deck	2026-10-02	Calling All Angels	100	no	56	Giada, Font of Hope (pool); Always Watching (pool); Angel of Finality (pool)
FDC/keen-engineering	FDC	Commander Deck	2026-10-02	Keen Engineering	100	no	50	Sai, Master Thopterist (pool); Adaptive Omnitool (pool); Aetherize (pool)
FDC/reign-of-dragons	FDC	Commander Deck	2026-10-02	Reign of Dragons	100	no	55	Lathliss, Dragon Queen (pool); Abrade (pool); Anger (pool)
FDC/tramplesaurus-rex	FDC	Commander Deck	2026-10-02	Tramplesaurus Rex	100	no	55	Ghalta, Primal Hunger (pool); Arachnogenesis (pool); Arasta of the Endless Web (pool)
FDC/wretched-ranks	FDC	Commander Deck	2026-10-02	Wretched Ranks	100	no	51	Ghoulcaller Gisa (pool); Army of the Damned (pool); Ayara, First of Locthwain (pool)
FIC/counter-blitz-collector-s-edition-final-fantasy-x	FIC	Commander Deck	2025-06-13	Counter Blitz Collector's Edition (FINAL FANTASY X)	100	no	56	Tidus, Yuna's Guardian (pool); Auron, Venerated Guardian (pool); Bane of Progress (pool)
FIC/counter-blitz-final-fantasy-x	FIC	Commander Deck	2025-06-13	Counter Blitz (FINAL FANTASY X)	100	no	56	Tidus, Yuna's Guardian (pool); Auron, Venerated Guardian (pool); Bane of Progress (pool)
FIC/limit-break-collector-s-edition-final-fantasy-vii	FIC	Commander Deck	2025-06-13	Limit Break Collector's Edition (FINAL FANTASY VII)	100	no	54	Cloud, Ex-SOLDIER (pool); Aerith, Last Ancient (pool); Armory Automaton (pool)
FIC/limit-break-final-fantasy-vii	FIC	Commander Deck	2025-06-13	Limit Break (FINAL FANTASY VII)	100	no	54	Cloud, Ex-SOLDIER (pool); Aerith, Last Ancient (pool); Armory Automaton (pool)
FIC/revival-trance-collector-s-edition-final-fantasy-vi	FIC	Commander Deck	2025-06-13	Revival Trance Collector's Edition (FINAL FANTASY VI)	100	no	51	Terra, Herald of Hope (pool); Angel of the Ruins (pool); Anger (pool)
FIC/revival-trance-final-fantasy-vi	FIC	Commander Deck	2025-06-13	Revival Trance (FINAL FANTASY VI)	100	no	51	Terra, Herald of Hope (pool); Angel of the Ruins (pool); Anger (pool)
FIC/scions-spellcraft-collector-s-edition-final-fantasy-xiv	FIC	Commander Deck	2025-06-13	Scions & Spellcraft Collector's Edition (FINAL FANTASY XIV)	100	no	52	Y'shtola, Night's Blessed (pool); Alisaie Leveilleur (pool); Alphinaud Leveilleur (pool)
FIC/scions-spellcraft-final-fantasy-xiv	FIC	Commander Deck	2025-06-13	Scions & Spellcraft (FINAL FANTASY XIV)	100	no	52	Y'shtola, Night's Blessed (pool); Alisaie Leveilleur (pool); Alphinaud Leveilleur (pool)
FIN/blue-black	FIN	Starter Kit	2025-06-13	Blue-Black	60	no	18	Al Bhed Salvagers (pool); Deadly Embrace (pool); Dreams of Laguna (pool)
FIN/red-white	FIN	Starter Kit	2025-06-13	Red-White	60	no	23	Adelbert Steiner (pool); Barret Wallace (pool); Beatrix, Loyal General (pool)
FRC/multiverse-reforged	FRC	Commander Deck	2026-10-02	Multiverse Reforged	100	no	54	Jace, Multiverse Architect (ledger); Akroma, Angel of Fury (pool); Archfiend of Despair (pool)
FRF/cunning-plan	FRF	Intro Pack	2015-01-23	Cunning Plan	60	no	25	Arc Lightning (pool); Aven Surveyor (pool); Bathe in Dragonfire (pool)
FRF/grave-advantage	FRF	Intro Pack	2015-01-23	Grave Advantage	60	no	26	Abzan Beastmaster (pool); Archers' Parapet (pool); Archfiend of Depravity (pool)
FRF/power-and-profit	FRF	Clash Pack	2015-01-23	Power and Profit	75	no	33	Brain Maggot (pool); Commune with the Gods (pool); Debilitating Injury (pool)
FRF/power	FRF	Clash Pack	2015-01-23	Power	60	no	21	Dead Drop (pool); Despise (pool); Gurmag Angler (pool)
FRF/profit	FRF	Clash Pack	2015-01-23	Profit	60	no	24	Baleful Eidolon (pool); Brain Maggot (pool); Commune with the Gods (pool)
FRF/stampeding-hordes	FRF	Intro Pack	2015-01-23	Stampeding Hordes	60	no	20	Act of Treason (pool); Bathe in Dragonfire (pool); Collateral Damage (pool)
FRF/surprise-attack	FRF	Intro Pack	2015-01-23	Surprise Attack	60	no	23	Arashin War Beast (pool); Awaken the Bear (pool); Embodiment of Spring (pool)
FRF/unflinching-assault	FRF	Intro Pack	2015-01-23	Unflinching Assault	60	no	24	Abzan Skycaptain (pool); Aven Skirmisher (pool); Battle Brawler (pool)
FUT/fate-blaster	FUT	Theme Deck	2007-05-04	Fate Blaster	60	no	21	Aven Augur (pool); Barbed Shocker (pool); Blind Phantasm (pool)
FUT/future-shock	FUT	Theme Deck	2007-05-04	Future Shock	60	no	19	Baru, Fist of Krosa (pool); Bloodshot Trainee (pool); Boldwyr Intimidator (pool)
FUT/rebels-unite	FUT	Theme Deck	2007-05-04	Rebels Unite	60	no	22	Amrou Scout (pool); Amrou Seekers (pool); Angel of Salvation (pool)
FUT/suspended-sentence	FUT	Theme Deck	2007-05-04	Suspended Sentence	60	no	21	Augur of Skulls (pool); Clockspinning (pool); Deadly Grub (pool)
GK1/boros	GK1	Guild Kit	2018-11-02	Boros	60	no	29	Agrus Kos, Wojek Veteran (pool); Aurelia, the Warleader (pool); Blade Instructor (pool)
GK1/dimir	GK1	Guild Kit	2018-11-02	Dimir	60	no	33	Barrier of Bones (pool); Blood Operative (pool); Call of the Nightwing (pool)
GK1/golgari	GK1	Guild Kit	2018-11-02	Golgari	60	no	28	Charnel Troll (pool); Darkblast (pool); Deadbridge Chant (pool)
GK1/izzet	GK1	Guild Kit	2018-11-02	Izzet	60	no	32	Beacon Bolt (pool); Cerebral Vortex (pool); Char (pool)
GK1/selesnya	GK1	Guild Kit	2018-11-02	Selesnya	60	no	26	Advent of the Wurm (pool); Armada Wurm (pool); Bounty of Might (pool)
GK2/azorius	GK2	Guild Kit	2019-02-15	Azorius	60	no	34	Archon of the Triumvirate (pool); Azorius Charm (pool); Azorius Guildmage (pool)
GK2/gruul	GK2	Guild Kit	2019-02-15	Gruul	60	no	32	Borborygmos (pool); Burning-Tree Emissary (pool); Burning-Tree Shaman (pool)
GK2/orzhov	GK2	Guild Kit	2019-02-15	Orzhov	60	no	30	Angel of Despair (pool); Basilica Bell-Haunt (pool); Belfry Spirit (pool)
GK2/rakdos	GK2	Guild Kit	2019-02-15	Rakdos	60	no	33	Auger Spree (pool); Avatar of Discord (pool); Blade Juggler (pool)
GK2/simic	GK2	Guild Kit	2019-02-15	Simic	60	no	29	Applied Biomancy (pool); Cloudfin Raptor (pool); Cytoplast Root-Kin (pool)
GN2/aerial-acrobatics	GN2	Game Night Deck	2019-11-15	Aerial Acrobatics	60	no	21	Agent of Treachery (pool); Aven Wind Mage (pool); Brineborn Cutthroat (pool)
GN2/draconic-fury	GN2	Game Night Deck	2019-11-15	Draconic Fury	60	no	22	Act of Treason (pool); Akoum Hellkite (pool); Brute Strength (pool)
GN2/endless-hordes	GN2	Game Night Deck	2019-11-15	Endless Hordes	60	no	21	Accursed Horde (pool); Blood for Bones (pool); Bone Splinters (pool)
GN2/glorious-combat	GN2	Game Night Deck	2019-11-15	Glorious Combat	60	no	20	Consul's Lieutenant (pool); Fiend Binder (pool); Griffin Protector (pool)
GN2/massive-might	GN2	Game Night Deck	2019-11-15	Massive Might	60	no	19	Crested Herdcaller (pool); Earthshaker Giant (pool); Ferocious Pup (pool)
GN3/boundless-elves	GN3	Game Night Deck	2022-10-14	Boundless Elves	60	no	24	Beast Whisperer (pool); Broken Wings (pool); Dwynen's Elite (pool)
GN3/dark-sacrifice	GN3	Game Night Deck	2022-10-14	Dark Sacrifice	60	no	24	Bloodsoaked Altar (pool); Bushmeat Poacher (pool); Demon of Loathing (pool)
GN3/draconic-fury	GN3	Game Night Deck	2022-10-14	Draconic Fury	60	no	19	Abrade (pool); Ancient Hellkite (pool); Crucible of Fire (pool)
GN3/glorious-combat	GN3	Game Night Deck	2022-10-14	Glorious Combat	60	no	22	Ancestral Blade (pool); Argentum Armor (pool); Banisher Priest (pool)
GN3/political-trickery	GN3	Game Night Deck	2022-10-14	Political Trickery	60	no	21	Angler Drake (pool); Angler Turtle (pool); Bloodthirsty Blade (pool)
GNT/black	GNT	Game Night Deck	2018-11-16	Black	60	no	20	Blood Divination (pool); Bone Splinters (pool); Cruel Revival (pool)
GNT/blue	GNT	Game Night Deck	2018-11-16	Blue	60	no	22	Advanced Stitchwing (pool); Aviation Pioneer (pool); Claustrophobia (pool)
GNT/green	GNT	Game Night Deck	2018-11-16	Green	60	no	20	Avatar of Growth (pool); Colossal Dreadmaw (pool); Eager Construct (pool)
GNT/red	GNT	Game Night Deck	2018-11-16	Red	60	no	20	Act of Treason (pool); Bombard (pool); Captivating Crew (pool)
GNT/white	GNT	Game Night Deck	2018-11-16	White	60	no	22	Aerial Responder (pool); Always Watching (pool); Benalish Marshal (pool)
GPT/code-of-the-orzhov	GPT	Theme Deck	2006-02-03	Code of the Orzhov	60	no	21	Agent of Masks (pool); Belfry Spirit (pool); Blind Hunter (pool)
GPT/gruul-wilding	GPT	Theme Deck	2006-02-03	Gruul Wilding	60	no	22	Battering Wurm (pool); Beastmaster's Magemark (pool); Bloodscale Prowler (pool)
GPT/izzet-gizmometry	GPT	Theme Deck	2006-02-03	Izzet Gizmometry	60	no	22	Convolute (pool); Electrolyze (pool); Frazzle (pool)
GRN/ral-caller-of-storms	GRN	Planeswalker Deck	2018-10-05	Ral, Caller of Storms	60	no	21	Chemister's Insight (pool); Command the Storm (pool); Direct Current (pool)
GRN/vraska-regal-gorgon	GRN	Planeswalker Deck	2018-10-05	Vraska, Regal Gorgon	60	no	18	Attendant of Vraska (pool); Bartizan Bats (pool); Beast Whisperer (pool)
GRN/wing-and-claw	GRN	Arena Starter Deck	2018-11-17	Wing and Claw	60	no	17	Azor, the Lawbringer (pool); Blade Instructor (pool); Disperse (pool)
GS1/jiang-yanggu	GS1	Planeswalker Deck	2018-06-22	Jiang Yanggu	60	no	15	Aggressive Instinct (pool); Breath of Fire (pool); Cleansing Screech (pool)
GS1/mu-yanling	GS1	Planeswalker Deck	2018-06-22	Mu Yanling	60	no	17	Ancestor Dragon (pool); Armored Whirl Turtle (pool); Cloak of Mists (pool)
GTC/booster-battle-pack-boros	GTC	Welcome Deck	2013-02-01	Booster Battle Pack: Boros	22	no	10	Aerial Maneuver (pool); Assault Griffin (pool); Bomber Corps (pool)
GTC/booster-battle-pack-dimir	GTC	Welcome Deck	2013-02-01	Booster Battle Pack: Dimir	22	no	11	Call of the Nightwing (pool); Death's Approach (pool); Deathcult Rogue (pool)
GTC/booster-battle-pack-gruul	GTC	Welcome Deck	2013-02-01	Booster Battle Pack: Gruul	22	no	11	Madcap Skills (pool); Mugging (pool); Pit Fight (pool)
GTC/booster-battle-pack-orzhov	GTC	Welcome Deck	2013-02-01	Booster Battle Pack: Orzhov	22	no	11	Angelic Edict (pool); Beckon Apparition (pool); Contaminated Ground (pool)
GTC/booster-battle-pack-simic	GTC	Welcome Deck	2013-02-01	Booster Battle Pack: Simic	22	no	11	Adaptive Snapjaw (pool); Bioshift (pool); Cloudfin Raptor (pool)
GTC/boros-battalion	GTC	Intro Pack	2013-02-01	Boros Battalion	60	no	24	Act of Treason (pool); Aerial Maneuver (pool); Armored Transport (pool)
GTC/dimir-dementia	GTC	Intro Pack	2013-02-01	Dimir Dementia	60	no	24	Balustrade Spy (pool); Coerced Confession (pool); Consuming Aberration (pool)
GTC/gruul-goliaths	GTC	Intro Pack	2013-02-01	Gruul Goliaths	60	no	25	Alpha Authority (pool); Arbor Elf (pool); Centaur Courser (pool)
GTC/orzhov-oppression	GTC	Intro Pack	2013-02-01	Orzhov Oppression	60	no	24	Angelic Edict (pool); Basilica Guards (pool); Basilica Screecher (pool)
GTC/rally-and-rout	GTC	Event Deck	2013-02-22	Rally and Rout	75	no	21	Ash Zealot (pool); Boros Charm (pool); Boros Elite (pool)
GTC/simic-synthesis	GTC	Intro Pack	2013-02-01	Simic Synthesis	60	no	25	Adaptive Snapjaw (pool); Bioshift (pool); Chronomaton (pool)
GTC/thrive-and-thrash	GTC	Event Deck	2013-02-22	Thrive and Thrash	75	no	16	Arbor Elf (pool); Borderland Ranger (pool); Bramblecrush (pool)
GVL/garruk	GVL	Duel Deck	2014-12-05	Garruk	60	no	17	Albino Troll (pool); Basking Rootwalla (pool); Beast Attack (pool)
GVL/liliana	GVL	Duel Deck	2014-12-05	Liliana	60	no	24	Bad Moon (pool); Corrupt (pool); Deathgreeter (pool)
H09/slivers	H09	Premium Deck	2009-11-20	Slivers	60	no	26	Acidic Sliver (pool); Amoeboid Changeling (pool); Aphetto Dredging (pool)
HOB/black-deck	HOB	Welcome Deck	2026-08-14	Black Deck	40	no	19	Bilbo's Deadly Slice (pool); Bitter Downfall (pool); Crude Bent Blade (pool)
HOB/blue-deck	HOB	Welcome Deck	2026-08-14	Blue Deck	40	no	19	Bilbo Baggins, Burglar // Take a Glance (pool); Bilbo, Luckwearer // Burglar's Plot (pool); Captain of Umbar (pool)
HOB/green-deck	HOB	Welcome Deck	2026-08-14	Green Deck	40	no	16	Attercop (pool); Beorn's Hospitality (pool); Beorn, Reluctant Host // Till and Tend (pool)
HOB/red-deck	HOB	Welcome Deck	2026-08-14	Red Deck	40	no	15	Battle-Scarred Goblin (pool); Fire of Orthanc (pool); Gandalf, Spark Starter (pool)
HOB/white-deck	HOB	Welcome Deck	2026-08-14	White Deck	40	no	18	Banishing Light (pool); Bofur, Reliable Guardian // Concerted Care (pool); Dawn of a New Age (pool)
HOP/elemental-thunder	HOP	Planechase Deck	2009-09-04	Elemental Thunder	60	no	26	Assault // Battery (pool); Beast Hunt (pool); Bogardan Rager (pool)
HOP/metallic-dreams	HOP	Planechase Deck	2009-09-04	Metallic Dreams	60	no	24	Arcbound Crusher (pool); Arcbound Slith (pool); Arsenal Thresher (pool)
HOP/strike-force	HOP	Planechase Deck	2009-09-04	Strike Force	60	no	28	Akroma's Vengeance (pool); Arc Lightning (pool); Balefire Liege (pool)
HOP/zombie-empire	HOP	Planechase Deck	2009-09-04	Zombie Empire	60	no	26	Ascendant Evincar (pool); Beacon of Unrest (pool); Beseech the Queen (pool)
HOU/nicol-bolas-the-deceiver	HOU	Planeswalker Deck	2017-07-14	Nicol Bolas, the Deceiver	60	no	16	Aerial Guide (pool); Ammit Eternal (pool); Burning-Fist Minotaur (pool)
HOU/nissa-genesis-mage	HOU	Planeswalker Deck	2017-07-14	Nissa, Genesis Mage	60	no	15	Aerial Guide (pool); Ambuscade (pool); Angler Drake (pool)
INV/blowout	INV	Theme Deck	2000-10-02	Blowout	60	no	21	Addle (pool); Agonizing Demise (pool); Annihilate (pool)
INV/dismissal	INV	Theme Deck	2000-10-02	Dismissal	60	no	24	Agonizing Demise (pool); Cursed Flesh (pool); Disrupt (pool)
INV/heavy-duty	INV	Theme Deck	2000-10-02	Heavy Duty	60	no	18	Ardent Soldier (pool); Armadillo Cloak (pool); Benalish Emissary (pool)
INV/spectrum	INV	Theme Deck	2000-10-02	Spectrum	60	no	16	Assault // Battery (pool); Fertile Ground (pool); Global Ruin (pool)
ISD/carnival-of-blood	ISD	Intro Pack	2011-09-30	Carnival of Blood	60	no	23	Blood Seeker (pool); Bloodcrazed Neonate (pool); Child of Night (pool)
ISD/deathfed	ISD	Event Deck	2011-10-28	Deathfed	75	no	14	Armored Skaab (pool); Bonehoard (pool); Boneyard Wurm (pool)
ISD/deathly-dominion	ISD	Intro Pack	2011-09-30	Deathly Dominion	60	no	22	Altar's Reap (pool); Ambush Viper (pool); Brain Weevil (pool)
ISD/eldritch-onslaught	ISD	Intro Pack	2011-09-30	Eldritch Onslaught	60	no	22	Armored Skaab (pool); Burning Vengeance (pool); Cellar Door (pool)
ISD/hold-the-line	ISD	Event Deck	2011-10-28	Hold The Line	75	no	18	Accorder Paladin (pool); Bonds of Faith (pool); Butcher's Cleaver (pool)
ISD/repel-the-dark	ISD	Intro Pack	2011-09-30	Repel the Dark	60	no	23	Avacynian Priest (pool); Benalish Veteran (pool); Blazing Torch (pool)
ISD/spectral-legions	ISD	Intro Pack	2011-09-30	Spectral Legions	60	no	21	Angel of Flight Alabaster (pool); Battleground Geist (pool); Chapel Geist (pool)
ITP/kazz-s-first-deck	ITP	Intro Pack	1996-12-31	Kazz's First Deck	30	no	11	Disintegrate (pool); Hill Giant (pool); Ironclaw Orcs (pool)
ITP/kazz-s-second-deck	ITP	Intro Pack	1996-12-31	Kazz's Second Deck	30	no	12	Battering Ram (pool); Clockwork Beast (pool); Cursed Land (pool)
ITP/zakk-s-first-deck	ITP	Intro Pack	1996-12-31	Zakk's First Deck	30	no	9	Alabaster Potion (pool); Bog Wraith (pool); Durkwood Boars (pool)
ITP/zakk-s-second-deck	ITP	Intro Pack	1996-12-31	Zakk's Second Deck	30	no	9	Circle of Protection: Black (pool); Circle of Protection: Red (pool); Glasses of Urza (pool)
JOU/fates-foreseen	JOU	Intro Pack	2014-05-02	Fates Foreseen	60	no	25	Bladetusk Boar (pool); Cloaked Siren (pool); Crackling Triton (pool)
JOU/mortals-of-myth	JOU	Intro Pack	2014-05-02	Mortals of Myth	60	no	25	Ajani's Presence (pool); Akroan Mastiff (pool); Akroan Skyguard (pool)
JOU/pantheon-s-power	JOU	Intro Pack	2014-05-02	Pantheon's Power	60	no	24	Akroan Mastiff (pool); Archetype of Courage (pool); Archetype of Finality (pool)
JOU/the-wilds-and-the-deep	JOU	Intro Pack	2014-05-02	The Wilds and the Deep	60	no	25	Agent of Horizons (pool); Arbor Colossus (pool); Archetype of Imagination (pool)
JOU/voracious-rage	JOU	Intro Pack	2014-05-02	Voracious Rage	60	no	23	Borderland Minotaur (pool); Cast into Darkness (pool); Deathbellow Raider (pool)
JOU/wrath-of-the-mortals	JOU	Event Deck	2014-05-23	Wrath of the Mortals	75	no	22	Aetherling (pool); Anger of the Gods (pool); Battlefield Thaumaturge (pool)
JUD/air-razers	JUD	Theme Deck	2002-05-27	Air Razers	60	no	18	Aven Fisher (pool); Aven Windreader (pool); Barbarian Bully (pool)
JUD/inundation	JUD	Theme Deck	2002-05-27	Inundation	60	no	15	Battle Screech (pool); Beloved Chaplain (pool); Benevolent Bodyguard (pool)
JUD/painflow	JUD	Theme Deck	2002-05-27	Painflow	60	no	16	Anurid Barkripper (pool); Anurid Swarmsnapper (pool); Battlefield Scrounger (pool)
JUD/spectral-slam	JUD	Theme Deck	2002-05-27	Spectral Slam	60	no	15	Battlewise Aven (pool); Benevolent Bodyguard (pool); Elephant Guide (pool)
JVC/chandra	JVC	Duel Deck	2014-12-05	Chandra	60	no	20	Chandra Nalaar (pool); Chartooth Cougar (pool); Cone of Flame (pool)
JVC/jace	JVC	Duel Deck	2014-12-05	Jace	60	no	19	Aethersnipe (pool); Brine Elemental (pool); Condescend (pool)
KHC/elven-empire	KHC	Commander Deck	2021-02-05	Elven Empire	100	no	56	Lathril, Blade of the Elves (pool); Abomination of Llanowar (pool); Beast Whisperer (pool)
KHC/phantom-premonition	KHC	Commander Deck	2021-02-05	Phantom Premonition	100	no	53	Ranar the Ever-Watchful (pool); Angel of Finality (pool); Angel of Serenity (pool)
KLD/chandra-pyrogenius	KLD	Planeswalker Deck	2016-09-30	Chandra, Pyrogenius	60	no	22	Aerial Responder (pool); Bomat Bazaar Barge (pool); Brazen Scourge (pool)
KLD/nissa-nature-s-artisan	KLD	Planeswalker Deck	2016-09-30	Nissa, Nature's Artisan	60	no	19	Aethersquall Ancient (pool); Appetite for the Unnatural (pool); Arborback Stomper (pool)
KTK/abzan-siege	KTK	Intro Pack	2014-09-26	Abzan Siege	60	no	23	Abzan Banner (pool); Abzan Battle Priest (pool); Abzan Charm (pool)
KTK/conquering-hordes	KTK	Event Deck	2014-09-26	Conquering Hordes	75	no	29	Banishing Light (pool); Bile Blight (pool); Bloodsoaked Champion (pool)
KTK/jeskai-monks	KTK	Intro Pack	2014-09-26	Jeskai Monks	60	no	28	Alabaster Kirin (pool); Bloodfire Expert (pool); Bloodfire Mentor (pool)
KTK/mardu-raiders	KTK	Intro Pack	2014-09-26	Mardu Raiders	60	no	26	Ankle Shanker (pool); Arrow Storm (pool); Borderland Marauder (pool)
KTK/sultai-schemers	KTK	Intro Pack	2014-09-26	Sultai Schemers	60	no	25	Become Immense (pool); Bitter Revelation (pool); Black Cat (pool)
KTK/temur-avalanche	KTK	Intro Pack	2014-09-26	Temur Avalanche	60	no	23	Alpine Grizzly (pool); Avalanche Tusker (pool); Bear's Companion (pool)
LCC/ahoy-mateys	LCC	Commander Deck	2023-11-17	Ahoy Mateys	100	no	61	Admiral Brass, Unsinkable (pool); Admiral Beckett Brass (pool); Amphin Mutineer (pool)
LCC/blood-rites	LCC	Commander Deck	2023-11-17	Blood Rites	100	no	57	Clavileño, First of the Blessed (pool); Austere Command (pool); Bartolomé del Presidio (pool)
LCC/explorers-of-the-deep	LCC	Commander Deck	2023-11-17	Explorers of the Deep	100	no	62	Hakbal of the Surging Soul (pool); Aetherize (pool); Alchemist's Refuge (stub)
LCC/veloci-ramp-tor	LCC	Commander Deck	2023-11-17	Veloci-Ramp-Tor	100	no	58	Pantlaza, Sun-Favored (pool); Akroma's Will (pool); Apex Altisaur (pool)
LGN/elvish-rage	LGN	Theme Deck	2003-02-03	Elvish Rage	60	no	16	Birchlore Rangers (pool); Bloodline Shaman (pool); Elven Riders (pool)
LGN/morph-mayhem	LGN	Theme Deck	2003-02-03	Morph Mayhem	60	no	23	Akroma's Blessing (pool); Ascending Aven (pool); Aven Redeemer (pool)
LGN/sliver-shivers	LGN	Theme Deck	2003-02-03	Sliver Shivers	60	no	12	Akroma's Blessing (pool); Brood Sliver (pool); Crown of Vigor (pool)
LGN/zombies-unleashed	LGN	Theme Deck	2003-02-03	Zombies Unleashed	60	no	18	Aphetto Exterminator (pool); Boneknitter (pool); Corpse Harvester (pool)
LRW/boggart-feast	LRW	Theme Deck	2007-10-12	Boggart Feast	60	no	21	Adder-Staff Boggart (pool); Boggart Birth Rite (pool); Boggart Harbinger (pool)
LRW/elementals-path	LRW	Theme Deck	2007-10-12	Elementals' Path	60	no	21	Aethersnipe (pool); Briarhorn (pool); Ceaseless Searblades (pool)
LRW/elvish-predation	LRW	Theme Deck	2007-10-12	Elvish Predation	60	no	21	Elvish Eulogist (pool); Elvish Harbinger (pool); Elvish Promenade (pool)
LRW/kithkin-militia	LRW	Theme Deck	2007-10-12	Kithkin Militia	60	no	20	Avian Changeling (pool); Battle Mastery (pool); Brigid, Hero of Kinsbaile (pool)
LRW/merrow-riverways	LRW	Theme Deck	2007-10-12	Merrow Riverways	60	no	21	Avian Changeling (pool); Broken Ambitions (pool); Drowner of Secrets (pool)
LTC/elven-council	LTC	Commander Deck	2023-06-23	Elven Council	100	no	51	Galadriel, Elven-Queen (pool); Arbor Elf (pool); Arwen, Weaver of Hope (pool)
LTC/food-and-fellowship	LTC	Commander Deck	2023-06-23	Food and Fellowship	100	no	51	Frodo, Adventurous Hobbit (pool); Sam, Loyal Attendant (pool); Anguished Unmaking (pool)
LTC/riders-of-rohan	LTC	Commander Deck	2023-06-23	Riders of Rohan	100	no	55	Éowyn, Shieldmaiden (pool); Aragorn, King of Gondor (pool); Archivist of Gondor (pool)
LTC/the-hosts-of-mordor	LTC	Commander Deck	2023-06-23	The Hosts of Mordor	100	no	54	Sauron, Lord of the Rings (pool); Anger (pool); Arcane Denial (pool)
LTR/arcane-aggression	LTR	Arena Starter Deck	2023-06-20	Arcane Aggression	60	no	19	Baral and Kari Zev (pool); Chrome Host Seedshark (pool); Electrostatic Infantry (pool)
LTR/charging-ahead	LTR	Arena Starter Deck	2023-06-20	Charging Ahead	60	no	18	Colossal Growth (pool); Cosmic Hunger (pool); Dragon Whelp (pool)
LTR/gondor-green-white	LTR	Starter Kit	2023-06-23	Gondor: Green-White	60	no	26	Aragorn and Arwen, Wed (pool); Bag End Porter (pool); Banishing Light (pool)
LTR/grave-secrets	LTR	Arena Starter Deck	2023-06-20	Grave Secrets	60	no	20	Academy Wall (pool); Black Sun's Twilight (pool); Breach the Multiverse (pool)
LTR/growing-hope	LTR	Arena Starter Deck	2023-06-20	Growing Hope	60	no	19	Benalish Knight-Counselor (pool); Botanical Brawler (pool); Bushwhack (pool)
LTR/high-flying-valor	LTR	Arena Starter Deck	2023-06-20	High-Flying Valor	60	no	21	Aeronaut Cavalry (pool); Ambush Paratrooper (pool); By Elspeth's Command (pool)
LTR/legions-of-phyrexia	LTR	Arena Starter Deck	2023-06-20	Legions of Phyrexia	60	no	18	Alabaster Host Intercessor (pool); Benalish Sleeper (pool); Bloated Processor (pool)
LTR/mordor-black-red	LTR	Starter Kit	2023-06-23	Mordor: Black-Red	60	no	25	Cast into the Fire (pool); Dunland Crebain (pool); Easterling Vanguard (pool)
LTR/rebel-armory	LTR	Arena Starter Deck	2023-06-20	Rebel Armory	60	no	19	Astor, Bearer of Blades (pool); Barbed Batterfist (pool); Bladegraft Aspirant (pool)
LTR/savage-salvagers	LTR	Arena Starter Deck	2023-06-20	Savage Salvagers	60	no	17	Blanchwood Prowler (pool); Burrowing Razormaw (pool); Cult Conscript (pool)
LTR/scrapyard-sacrifice	LTR	Arena Starter Deck	2023-06-20	Scrapyard Sacrifice	60	no	19	Ashnod's Intervention (pool); Ashnod, Flesh Mechanist (pool); Charforger (pool)
LTR/sylvan-wisdom	LTR	Arena Starter Deck	2023-06-20	Sylvan Wisdom	60	no	18	Arwen Undómiel (pool); Bite Down (pool); Celeborn the Wise (pool)
M10/death-s-minions	M10	Intro Pack	2009-07-17	Death's Minions	41	no	17	Assassinate (pool); Bog Wraith (pool); Cemetery Reaper (pool)
M10/firebomber	M10	Intro Pack	2009-07-17	Firebomber	41	no	16	Berserkers of Blood Ridge (pool); Canyon Minotaur (pool); Divination (pool)
M10/nature-s-fury	M10	Intro Pack	2009-07-17	Nature's Fury	41	no	16	Awakener Druid (pool); Borderland Ranger (pool); Bramble Creeper (pool)
M10/presence-of-mind	M10	Intro Pack	2009-07-17	Presence of Mind	41	no	17	Cancel (pool); Clone (pool); Coral Merfolk (pool)
M10/we-are-legion	M10	Intro Pack	2009-07-17	We Are Legion	41	no	16	Armored Ascension (pool); Divine Verdict (pool); Elite Vanguard (pool)
M11/black-deck-a	M11	Sample Deck	2010-07-16	Black Deck A	30	no	12	Corrupt (pool); Death Cultist (pool); Disfigure (pool)
M11/black-deck-b	M11	Sample Deck	2010-07-16	Black Deck B	30	no	12	Barony Vampire (pool); Blood Seeker (pool); Blood Tithe (pool)
M11/blades-of-victory	M11	Intro Pack	2010-07-16	Blades of Victory	60	no	23	Ajani's Mantra (pool); Ajani's Pridemate (pool); Angelic Arbiter (pool)
M11/blue-deck-a	M11	Sample Deck	2010-07-16	Blue Deck A	30	no	13	Diminish (pool); Guard Gomazoa (pool); Harbor Serpent (pool)
M11/blue-deck-b	M11	Sample Deck	2010-07-16	Blue Deck B	30	no	10	Aether Adept (pool); Air Servant (pool); Augury Owl (pool)
M11/breath-of-fire	M11	Intro Pack	2010-07-16	Breath of Fire	60	no	21	Ancient Hellkite (pool); Augury Owl (pool); Berserkers of Blood Ridge (pool)
M11/green-deck-a	M11	Sample Deck	2010-07-16	Green Deck A	30	no	12	Arbor Elf (pool); Awakener Druid (pool); Baloth Woodcrasher (pool)
M11/green-deck-b	M11	Sample Deck	2010-07-16	Green Deck B	30	no	10	Canopy Cover (pool); Explore (pool); Feral Contest (pool)
M11/power-of-prophecy	M11	Intro Pack	2010-07-16	Power of Prophecy	60	no	23	Aether Adept (pool); Air Servant (pool); Armored Cancrix (pool)
M11/red-deck-a	M11	Sample Deck	2010-07-16	Red Deck A	30	no	11	Act of Treason (pool); Arc Runner (pool); Chandra's Outrage (pool)
M11/red-deck-b	M11	Sample Deck	2010-07-16	Red Deck B	30	no	12	Battle-Rattle Shaman (pool); Ember Hauler (pool); Flame Slash (pool)
M11/reign-of-vampirism	M11	Intro Pack	2010-07-16	Reign of Vampirism	60	no	13	Barony Vampire (pool); Bloodthrone Vampire (pool); Captivating Vampire (pool)
M11/stampede-of-beasts	M11	Intro Pack	2010-07-16	Stampede of Beasts	60	no	20	Act of Treason (pool); Awakener Druid (pool); Back to Nature (pool)
M11/white-deck-a	M11	Sample Deck	2010-07-16	White Deck A	30	no	10	Armored Ascension (pool); Cloud Crusader (pool); Elite Vanguard (pool)
M11/white-deck-b	M11	Sample Deck	2010-07-16	White Deck B	30	no	14	Ajani's Mantra (pool); Ajani's Pridemate (pool); Assault Griffin (pool)
M12/black-deck-a	M12	Sample Deck	2011-07-15	Black Deck A	30	no	15	Brink of Disaster (pool); Child of Night (pool); Consume Spirit (pool)
M12/black-deck-b	M12	Sample Deck	2011-07-15	Black Deck B	30	no	15	Bloodrage Vampire (pool); Dark Favor (pool); Dementia Bat (pool)
M12/blood-and-fire	M12	Intro Pack	2011-07-15	Blood and Fire	60	no	20	Blood Ogre (pool); Bloodrage Vampire (pool); Crumbling Colossus (pool)
M12/blue-deck-a	M12	Sample Deck	2011-07-15	Blue Deck A	30	no	12	Aether Adept (pool); Aven Fleetwing (pool); Cancel (pool)
M12/blue-deck-b	M12	Sample Deck	2011-07-15	Blue Deck B	30	no	11	Azure Mage (pool); Belltower Sphinx (pool); Darkslick Drake (pool)
M12/entangling-webs	M12	Intro Pack	2011-07-15	Entangling Webs	60	no	16	Arachnus Spinner (pool); Arachnus Web (pool); Crimson Mage (pool)
M12/grab-for-power	M12	Intro Pack	2011-07-15	Grab for Power	60	no	21	Azure Mage (pool); Belltower Sphinx (pool); Brink of Disaster (pool)
M12/green-deck-a	M12	Sample Deck	2011-07-15	Green Deck A	30	no	14	Alpha Tyrranax (pool); Ezuri's Archers (pool); Garruk's Companion (pool)
M12/green-deck-b	M12	Sample Deck	2011-07-15	Green Deck B	30	no	10	Arachnus Web (pool); Brindle Boar (pool); Cudgel Troll (pool)
M12/illusionary-might	M12	Event Deck	2011-08-12	Illusionary Might	75	no	16	Aether Adept (pool); Grand Architect (pool); Lord of the Unreal (pool)
M12/mystical-might	M12	Intro Pack	2011-07-15	Mystical Might	60	no	17	Aether Adept (pool); Arbalest Elite (pool); Aven Fleetwing (pool)
M12/red-deck-a	M12	Sample Deck	2011-07-15	Red Deck A	30	no	11	Act of Treason (pool); Arc Trail (pool); Bonebreaker Giant (pool)
M12/red-deck-b	M12	Sample Deck	2011-07-15	Red Deck B	30	no	11	Blisterstick Shaman (pool); Goblin Arsonist (pool); Goblin Bangchuckers (pool)
M12/sacred-assault	M12	Intro Pack	2011-07-15	Sacred Assault	60	no	20	Aegis Angel (pool); Alabaster Mage (pool); Assault Griffin (pool)
M12/vampire-onslaught	M12	Event Deck	2011-08-12	Vampire Onslaught	75	no	15	Blade of the Bloodchief (pool); Bloodghast (pool); Bloodthrone Vampire (pool)
M12/white-deck-a	M12	Sample Deck	2011-07-15	White Deck A	30	no	14	Alabaster Mage (pool); Arrest (pool); Assault Griffin (pool)
M12/white-deck-b	M12	Sample Deck	2011-07-15	White Deck B	30	no	14	Arbalest Elite (pool); Armored Warhorse (pool); Gideon's Lawkeeper (pool)
M13/black-sample-deck	M13	Sample Deck	2012-07-13	Black Sample Deck	30	no	13	Bloodhunter Bat (pool); Cower in Fear (pool); Crippling Blight (pool)
M13/blue-sample-deck	M13	Sample Deck	2012-07-13	Blue Sample Deck	30	no	11	Divination (pool); Essence Scatter (pool); Gryff Vanguard (pool)
M13/depths-of-power	M13	Intro Pack	2012-07-13	Depths of Power	60	no	20	Augur of Bolas (pool); Divination (pool); Elixir of Immortality (pool)
M13/green-sample-deck	M13	Sample Deck	2012-07-13	Green Sample Deck	30	no	14	Borderland Ranger (pool); Bountiful Harvest (pool); Centaur Courser (pool)
M13/mob-rule	M13	Intro Pack	2012-07-13	Mob Rule	60	no	20	Bladetusk Boar (pool); Chandra's Fury (pool); Cleaver Riot (pool)
M13/path-to-victory	M13	Intro Pack	2012-07-13	Path to Victory	60	no	21	Ajani's Sunstriker (pool); Arctic Aven (pool); Attended Knight (pool)
M13/red-sample-deck	M13	Sample Deck	2012-07-13	Red Sample Deck	30	no	14	Bladetusk Boar (pool); Chandra's Fury (pool); Cleaver Riot (pool)
M13/repeat-performance	M13	Event Deck	2012-08-03	Repeat Performance	75	no	21	Arbor Elf (pool); Attended Knight (pool); Blade Splicer (pool)
M13/sole-domination	M13	Intro Pack	2012-07-13	Sole Domination	60	no	24	Angelic Benediction (pool); Aven Squire (pool); Blood Reckoning (pool)
M13/sweet-revenge	M13	Event Deck	2012-08-03	Sweet Revenge	75	no	19	Armored Skaab (pool); Burning Vengeance (pool); Desperate Ravings (pool)
M13/white-sample-deck	M13	Sample Deck	2012-07-13	White Sample Deck	30	no	15	Abbey Griffin (pool); Ajani's Sunstriker (pool); Angel's Mercy (pool)
M13/wild-rush	M13	Intro Pack	2012-07-13	Wild Rush	60	no	20	Arbor Elf (pool); Centaur Courser (pool); Crippling Blight (pool)
M14/bestial-strength	M14	Intro Pack	2013-07-19	Bestial Strength	60	no	18	Accursed Spirit (pool); Advocate of the Beast (pool); Briarpack Alpha (pool)
M14/black-deck	M14	Sample Deck	2014-07-19	Black Deck	30	no	15	Assassin's Strike (pool); Child of Night (pool); Corpse Hauler (pool)
M14/blue-deck	M14	Sample Deck	2014-07-19	Blue Deck	30	no	15	Air Servant (pool); Cancel (pool); Claustrophobia (pool)
M14/death-reaper	M14	Intro Pack	2013-07-19	Death Reaper	60	no	21	Academy Raider (pool); Act of Treason (pool); Barrage of Expendables (pool)
M14/fire-surge	M14	Intro Pack	2013-07-19	Fire Surge	60	no	16	Chandra's Outrage (pool); Chandra's Phoenix (pool); Disperse (pool)
M14/green-deck	M14	Sample Deck	2014-07-19	Green Deck	30	no	12	Archweaver (pool); Axebane Stag (pool); Brindle Boar (pool)
M14/lightforce	M14	Intro Pack	2013-07-19	Lightforce	60	no	19	Ajani's Chosen (pool); Angelic Accord (pool); Auramancer (pool)
M14/psychic-labyrinth	M14	Intro Pack	2013-07-19	Psychic Labyrinth	60	no	19	Air Servant (pool); Claustrophobia (pool); Clone (pool)
M14/red-deck	M14	Sample Deck	2014-07-19	Red Deck	30	no	13	Act of Treason (pool); Canyon Minotaur (pool); Chandra's Outrage (pool)
M14/rush-of-the-wild	M14	Event Deck	2013-08-09	Rush of the Wild	75	no	23	Armed // Dangerous (pool); Burning-Tree Emissary (pool); Clan Defiance (pool)
M14/white-deck	M14	Sample Deck	2014-07-19	White Deck	30	no	13	Assault Griffin (pool); Auramancer (pool); Brave the Elements (pool)
M15/black-sample-deck	M15	Sample Deck	2014-07-18	Black Sample Deck	30	no	14	Crippling Blight (pool); Festergloom (pool); Flesh to Dust (pool)
M15/blue-sample-deck	M15	Sample Deck	2014-07-18	Blue Sample Deck	30	no	12	Cancel (pool); Chronostutter (pool); Divination (pool)
M15/fate-and-fury	M15	Clash Pack	2014-07-18	Fate and Fury	75	no	24	Aetherspouts (pool); Arbor Colossus (pool); Divination (pool)
M15/fate	M15	Clash Pack	2014-07-18	Fate	60	no	17	Aetherspouts (pool); Divination (pool); Frost Lynx (pool)
M15/flames-of-the-dragon	M15	Intro Pack	2014-07-18	Flames Of The Dragon	60	no	20	Aeronaut Tinkerer (pool); Brawler's Plate (pool); Bronze Sable (pool)
M15/fury	M15	Clash Pack	2014-07-18	Fury	60	no	17	Arbor Colossus (pool); Boulderfall (pool); Fated Intervention (pool)
M15/green-sample-deck	M15	Sample Deck	2014-07-18	Green Sample Deck	30	no	13	Centaur Courser (pool); Charging Rhino (pool); Garruk's Packleader (pool)
M15/hit-the-ground-running	M15	Intro Pack	2014-07-18	Hit The Ground Running	60	no	21	Carnivorous Moss-Beast (pool); Coral Barrier (pool); Encrust (pool)
M15/infernal-intervention	M15	Intro Pack	2014-07-18	Infernal Intervention	60	no	20	Blastfire Bolt (pool); Burning Anger (pool); Carrion Crow (pool)
M15/price-of-glory	M15	Intro Pack	2014-07-18	Price Of Glory	60	no	24	Accursed Spirit (pool); Ajani's Pridemate (pool); Blood Host (pool)
M15/red-sample-deck	M15	Sample Deck	2014-07-18	Red Sample Deck	30	no	11	Borderland Marauder (pool); Cone of Flame (pool); Foundry Street Denizen (pool)
M15/white-sample-deck	M15	Sample Deck	2014-07-18	White Sample Deck	30	no	13	Aegis Angel (pool); Ajani's Pridemate (pool); Divine Favor (pool)
M15/will-of-the-masses	M15	Intro Pack	2014-07-18	Will Of The Masses	60	no	19	Devouring Light (pool); Feral Incarnation (pool); Gather Courage (pool)
M19/ajani	M19	Planeswalker Deck	2018-07-13	Ajani	60	no	20	Ajani's Influence (pool); Ajani's Pridemate (pool); Ajani, Wise Counselor (pool)
M19/arcane-inventions	M19	Arena Starter Deck	2018-09-27	Arcane Inventions	60	no	18	Arcane Encyclopedia (pool); Aven Wind Mage (pool); Aviation Pioneer (pool)
M19/artifacts-attack	M19	Arena Starter Deck	2018-09-27	Artifacts Attack	60	no	17	Aerial Engineer (pool); Aethershield Artificer (pool); Aviation Pioneer (pool)
M19/auras-of-majesty	M19	Arena Starter Deck	2018-09-27	Auras of Majesty	60	no	18	Ajani's Last Stand (pool); Danitha Capashen, Paragon (pool); Daybreak Chaplain (pool)
M19/black-deck	M19	Welcome Deck	2018-07-13	Black Deck	30	no	15	Bogstomper (pool); Diregraf Ghoul (pool); Grasping Scoundrel (pool)
M19/black-green-deck	M19	Spellslinger Starter Kit	2018-10-05	Black-Green Deck	60	no	20	Bristling Boar (pool); Centaur Courser (pool); Colossal Dreadmaw (pool)
M19/blue-deck	M19	Welcome Deck	2018-07-13	Blue Deck	30	no	11	Aven Wind Mage (pool); Befuddle (pool); Divination (pool)
M19/chaos-and-mayhem	M19	Arena Starter Deck	2018-09-27	Chaos and Mayhem	60	no	15	Act of Treason (pool); Blood Divination (pool); Brawl-Bash Ogre (pool)
M19/dragon-s-fire	M19	Arena Starter Deck	2018-09-27	Dragon's Fire	60	no	15	Burning Sun's Avatar (pool); Charging Monstrosaur (pool); Demanding Dragon (pool)
M19/eternal-thirst	M19	Arena Starter Deck	2018-09-27	Eternal Thirst	60	no	19	Ajani's Pridemate (pool); Ajani's Welcome (pool); Bishop's Soldier (pool)
M19/forest-s-might	M19	Arena Starter Deck	2018-09-27	Forest's Might	60	no	17	Aggressive Mammoth (pool); Blanchwood Armor (pool); Bristling Boar (pool)
M19/graveyard-bash	M19	Arena Starter Deck	2018-09-27	Graveyard Bash	60	no	18	Death Baron (pool); Deathbloom Thallid (pool); Diregraf Ghoul (pool)
M19/green-deck	M19	Welcome Deck	2018-07-13	Green Deck	30	no	13	Aggressive Mammoth (pool); Bristling Boar (pool); Centaur Courser (pool)
M19/jungle-secrets	M19	Arena Starter Deck	2018-09-27	Jungle Secrets	60	no	17	Deeproot Champion (pool); Deeproot Elite (pool); Disperse (pool)
M19/liliana	M19	Planeswalker Deck	2018-07-13	Liliana	60	no	20	Abnormal Endurance (pool); Arisen Gorgon (pool); Blood Divination (pool)
M19/primal-fury	M19	Arena Starter Deck	2018-09-27	Primal Fury	60	no	16	Banefire (pool); Charging Monstrosaur (pool); Charging Tuskodon (pool)
M19/red-deck	M19	Welcome Deck	2018-07-13	Red Deck	30	no	12	Electrify (pool); Fiery Finish (pool); Fire Elemental (pool)
M19/red-white-deck	M19	Spellslinger Starter Kit	2018-10-05	Red-White Deck	60	no	22	Burning Sun's Avatar (pool); Charging Monstrosaur (pool); Citywide Bust (pool)
M19/saproling-swarm	M19	Arena Starter Deck	2018-09-27	Saproling Swarm	60	no	17	Costly Plunder (pool); Deathbloom Thallid (pool); Doomed Dissenter (pool)
M19/sarkhan	M19	Planeswalker Deck	2018-07-13	Sarkhan	60	no	18	Act of Treason (pool); Demanding Dragon (pool); Electrify (pool)
M19/strength-in-numbers	M19	Arena Starter Deck	2018-09-27	Strength in Numbers	60	no	19	Act of Treason (pool); Boggart Brute (pool); Burning Sun's Avatar (pool)
M19/tactical-assault	M19	Arena Starter Deck	2018-09-27	Tactical Assault	60	no	18	Angelic Reward (pool); Confront the Assault (pool); Daybreak Chaplain (pool)
M19/tezzeret	M19	Planeswalker Deck	2018-07-13	Tezzeret	60	no	18	Divination (pool); Dwindle (pool); Exclusion Mage (pool)
M19/vivien	M19	Planeswalker Deck	2018-07-13	Vivien	60	no	19	Aggressive Mammoth (pool); Bristling Boar (pool); Colossal Dreadmaw (pool)
M19/walk-the-plank	M19	Arena Starter Deck	2018-09-27	Walk the Plank	60	no	17	Chart a Course (pool); Deadeye Rig-Hauler (pool); Demonlord Belzenlok (pool)
M19/white-deck	M19	Welcome Deck	2018-07-13	White Deck	30	no	16	Dwarven Priest (pool); Herald of Faith (pool); Inspired Charge (pool)
M19/wrath-of-mages	M19	Arena Starter Deck	2018-09-27	Wrath of Mages	60	no	18	Aven Wind Mage (pool); Banefire (pool); Blink of an Eye (pool)
M20/ajani-inspiring-leader	M20	Planeswalker Deck	2019-07-29	Ajani, Inspiring Leader	60	no	13	Ajani, Inspiring Leader (pool); Angel of Vitality (pool); Dawning Angel (pool)
M20/azorius-senate	M20	Arena Starter Deck	2019-05-03	Azorius Senate	60	no	20	Ajani's Pridemate (pool); Angel of Grace (pool); Arrester's Admonition (pool)
M20/black-deck	M20	Welcome Deck	2019-07-12	Black Deck	30	no	13	Agonizing Syphon (pool); Barony Vampire (pool); Bartizan Bats (pool)
M20/blue-deck	M20	Welcome Deck	2019-07-12	Blue Deck	30	no	12	Befuddle (pool); Captivating Gyre (pool); Cloudkin Seer (pool)
M20/boros-legion	M20	Arena Starter Deck	2019-05-03	Boros Legion	60	no	19	Act of Treason (pool); Aurelia, Exemplar of Justice (pool); Boros Challenger (pool)
M20/chandra-flame-s-fury	M20	Planeswalker Deck	2019-07-29	Chandra, Flame's Fury	60	no	12	Chandra's Flame Wave (pool); Chandra's Outrage (pool); Chandra's Spitfire (pool)
M20/cult-of-rakdos	M20	Arena Starter Deck	2019-05-03	Cult of Rakdos	60	no	18	Bedeck // Bedazzle (pool); Bedevil (pool); Blade Juggler (pool)
M20/golgari-swarm	M20	Arena Starter Deck	2019-05-03	Golgari Swarm	60	no	20	Casualties of War (pool); Deathsprout (pool); District Guide (pool)
M20/green-deck	M20	Welcome Deck	2019-07-12	Green Deck	30	no	14	Aggressive Mammoth (pool); Bristling Boar (pool); Centaur Courser (pool)
M20/gruul-clans	M20	Arena Starter Deck	2019-05-03	Gruul Clans	60	no	20	Bolrac-Clan Crusher (pool); Burning-Tree Vandal (pool); Clamor Shaman (pool)
M20/house-dimir	M20	Arena Starter Deck	2019-05-03	House Dimir	60	no	22	Artful Takedown (pool); Blood Operative (pool); Citywatch Sphinx (pool)
M20/izzet-league	M20	Arena Starter Deck	2019-05-03	Izzet League	60	no	18	Augur of Bolas (pool); Chemister's Insight (pool); Crackling Drake (pool)
M20/mu-yanling-celestial-wind	M20	Planeswalker Deck	2019-07-29	Mu Yanling, Celestial Wind	60	no	12	Brineborn Cutthroat (pool); Celestial Messenger (pool); Cloudkin Seer (pool)
M20/orzhov-syndicate	M20	Arena Starter Deck	2019-05-03	Orzhov Syndicate	60	no	20	Basilica Bell-Haunt (pool); Consecrate // Consume (pool); Cruel Celebrant (pool)
M20/red-deck	M20	Welcome Deck	2019-07-12	Red Deck	30	no	12	Act of Treason (pool); Chandra's Outrage (pool); Daggersail Aeronaut (pool)
M20/selesnya-conclave	M20	Arena Starter Deck	2019-05-03	Selesnya Conclave	60	no	18	Assure // Assemble (pool); Centaur Peacemaker (pool); Conclave Cavalier (pool)
M20/simic-combine	M20	Arena Starter Deck	2019-05-03	Simic Combine	60	no	20	Aeromunculus (pool); Applied Biomancy (pool); Benthic Biomancer (pool)
M20/sorin-vampire-lord	M20	Planeswalker Deck	2019-07-29	Sorin, Vampire Lord	60	no	13	Blood Burglar (pool); Bloodthirsty Aerialist (pool); Dark Remedy (pool)
M20/spellslinger-starter-kit-red-deck	M20	Spellslinger Starter Kit	2019-07-12	Spellslinger Starter Kit - Red Deck	60	no	18	Act of Treason (pool); Daggersail Aeronaut (pool); Drakuseth, Maw of Flames (pool)
M20/spellslinger-starter-kit-white-deck	M20	Spellslinger Starter Kit	2019-07-12	Spellslinger Starter Kit - White Deck	60	no	19	Angelic Guardian (pool); Bastion Enforcer (pool); Bond of Discipline (pool)
M20/vivien-nature-s-avenger	M20	Planeswalker Deck	2019-07-29	Vivien, Nature's Avenger	60	no	14	Aggressive Mammoth (pool); Barkhide Troll (pool); Ethereal Elk (pool)
M20/white-deck	M20	Welcome Deck	2019-07-12	White Deck	30	no	14	Concordia Pegasus (pool); Dawning Angel (pool); Glaring Aegis (pool)
M21/back-for-more	M21	Arena Starter Deck	2021-07-03	Back for More	60	no	17	Acolyte of Affliction (pool); Arasta of the Endless Web (pool); Back for More (pool)
M21/basri-devoted-paladin	M21	Planeswalker Deck	2020-07-03	Basri, Devoted Paladin	60	no	15	Adherent of Hope (pool); Anointed Chorister (pool); Aven Gagglemaster (pool)
M21/chandra-flame-s-catalyst	M21	Planeswalker Deck	2020-07-03	Chandra, Flame's Catalyst	60	no	15	Blisterspit Gremlin (pool); Chandra's Firemaw (pool); Chandra's Incinerator (pool)
M21/company-of-knights	M21	Arena Starter Deck	2021-07-03	Company of Knights	60	no	19	Acclaimed Contender (pool); Ardenvale Tactician // Dizzying Swoop (pool); Basri's Acolyte (pool)
M21/critter-corps	M21	Arena Promotional Deck	2021-07-03	Critter Corps	60	no	18	Alpine Watchdog (pool); Basri's Acolyte (pool); Basri's Solidarity (pool)
M21/garruk-savage-herald	M21	Planeswalker Deck	2020-07-03	Garruk, Savage Herald	60	no	14	Almighty Brushwagg (pool); Drowsing Tyrannodon (pool); Garruk's Harbinger (pool)
M21/life-skills	M21	Arena Starter Deck	2021-07-03	Life Skills	60	no	18	Anointed Chorister (pool); Bake into a Pie (pool); Baneslayer Angel (pool)
M21/liliana-death-mage	M21	Planeswalker Deck	2020-07-03	Liliana, Death Mage	60	no	15	Alchemist's Gift (pool); Bushmeat Poacher (pool); Demonic Embrace (pool)
M21/line-of-fire	M21	Arena Starter Deck	2021-07-03	Line of Fire	60	no	20	Alchemist's Gift (pool); Blood Aspirant (pool); Careless Celebrant (pool)
M21/massive-menagerie	M21	Arena Starter Deck	2021-07-03	Massive Menagerie	60	no	16	Almighty Brushwagg (pool); Beanstalk Giant // Fertile Footsteps (pool); Elder Gargaroth (pool)
M21/mono-black-amazon	M21	Arena Starter Kit	2020-07-03	Mono Black Amazon	61	no	15	Blood Glutton (pool); Demon of Loathing (pool); Demonic Embrace (pool)
M21/mono-black	M21	Arena Starter Kit	2020-07-03	Mono Black	61	no	16	Blood Glutton (pool); Demon of Loathing (pool); Demonic Embrace (pool)
M21/mono-green-amazon	M21	Arena Starter Kit	2020-07-03	Mono Green Amazon	61	no	15	Almighty Brushwagg (pool); Bristling Boar (pool); Colossal Dreadmaw (pool)
M21/mono-green	M21	Arena Starter Kit	2020-07-03	Mono Green	61	no	16	Almighty Brushwagg (pool); Bristling Boar (pool); Colossal Dreadmaw (pool)
M21/mutation-station	M21	Arena Starter Deck	2021-07-03	Mutation Station	60	no	18	Archipelagore (pool); Atris, Oracle of Half-Truths (pool); Boot Nipper (pool)
M21/spellpower	M21	Arena Starter Deck	2021-07-03	Spellpower	60	no	17	Anticipate (pool); Boon of the Wish-Giver (pool); Brazen Borrower // Petty Theft (stub)
M21/starry-eyed	M21	Arena Starter Deck	2021-07-03	Starry-Eyed	60	no	18	All That Glitters (pool); Arcanist's Owl (pool); Archon of Sun's Grace (pool)
M21/stomp-stomp	M21	Arena Starter Deck	2021-07-03	Stomp, Stomp	60	no	18	Almighty Brushwagg (pool); Bonecrusher Giant // Stomp (pool); Dreamstalker Manticore (pool)
M21/teferi-timeless-voyager	M21	Planeswalker Deck	2020-07-03	Teferi, Timeless Voyager	60	no	15	Charmed Sleep (pool); Faerie Vandal (pool); Frantic Inventory (pool)
M21/to-adventure	M21	Arena Starter Deck	2021-07-03	To Adventure!	60	no	16	Ardenvale Tactician // Dizzying Swoop (pool); Banishing Light (pool); Edgewall Innkeeper (pool)
M3C/creative-energy-collector-s-edition	M3C	Commander Deck	2024-06-14	Creative Energy Collector's Edition	100	no	56	Satya, Aetherflux Genius (pool); Aether Hub (stub); Aether Refinery (pool)
M3C/creative-energy	M3C	Commander Deck	2024-06-14	Creative Energy	100	no	56	Satya, Aetherflux Genius (pool); Aether Hub (stub); Aether Refinery (pool)
M3C/eldrazi-incursion-collector-s-edition	M3C	Commander Deck	2024-06-14	Eldrazi Incursion Collector's Edition	100	no	60	Ulalek, Fused Atrocity (pool); All Is Dust (pool); Ancient Stirrings (pool)
M3C/eldrazi-incursion	M3C	Commander Deck	2024-06-14	Eldrazi Incursion	100	no	60	Ulalek, Fused Atrocity (pool); All Is Dust (pool); Ancient Stirrings (pool)
M3C/graveyard-overdrive-collector-s-edition	M3C	Commander Deck	2024-06-14	Graveyard Overdrive Collector's Edition	100	no	50	Disa the Restless (pool); Accursed Marauder (pool); Altar of the Goyf (pool)
M3C/graveyard-overdrive	M3C	Commander Deck	2024-06-14	Graveyard Overdrive	100	no	50	Disa the Restless (pool); Accursed Marauder (pool); Altar of the Goyf (pool)
M3C/tricky-terrain-collector-s-edition	M3C	Commander Deck	2024-06-14	Tricky Terrain Collector's Edition	100	no	58	Omo, Queen of Vesuva (pool); Aggressive Biomancy (pool); Apex Devastator (pool)
M3C/tricky-terrain	M3C	Commander Deck	2024-06-14	Tricky Terrain	100	no	58	Omo, Queen of Vesuva (pool); Aggressive Biomancy (pool); Apex Devastator (pool)
MBS/battle-cries	MBS	Intro Pack	2011-02-04	Battle Cries	60	no	20	Accorder Paladin (pool); Ardent Recruit (pool); Arrest (pool)
MBS/doom-inevitable	MBS	Intro Pack	2011-02-04	Doom Inevitable	60	no	24	Armored Cancrix (pool); Barony Vampire (pool); Bonehoard (pool)
MBS/infect-defile	MBS	Event Deck	2011-02-25	Infect & Defile	75	no	16	Consuming Vapors (pool); Contagion Clasp (pool); Corpse Cur (pool)
MBS/into-the-breach	MBS	Event Deck	2011-02-25	Into the Breach	75	no	18	Contested War Zone (stub); Darksteel Axe (pool); Devastating Summons (pool)
MBS/mirromancy	MBS	Intro Pack	2011-02-04	Mirromancy	60	no	21	Arc Trail (pool); Blisterstick Shaman (pool); Burn the Impure (pool)
MBS/path-of-blight	MBS	Intro Pack	2011-02-04	Path of Blight	60	no	22	Banishment Decree (pool); Blight Mamba (pool); Blightwidow (pool)
MD1/march-of-the-multitudes	MD1	Modern Event Deck	2014-05-30	March of the Multitudes	75	no	17	Elspeth, Knight-Errant (pool); Honor of the Pure (pool); Inquisition of Kozilek (pool)
ME2/band-together	ME2	MTGO Theme Deck	2008-09-22	Band Together	60	no	18	Aysen Crusader (pool); Benalish Hero (pool); Combat Medic (pool)
ME2/deathbreed	ME2	MTGO Theme Deck	2008-09-22	Deathbreed	60	no	22	Ashen Ghoul (pool); Breeding Pit (pool); Cuombajj Witches (pool)
ME2/haze-of-spores	ME2	MTGO Theme Deck	2008-09-22	Haze of Spores	60	no	16	Elvish Farmer (pool); Feral Thallid (pool); Forbidden Lore (pool)
ME2/orc-attack	ME2	MTGO Theme Deck	2008-09-22	Orc Attack	60	no	17	Brassclaw Orcs (pool); Brothers of Fire (pool); Death Spark (pool)
MIC/coven-counters	MIC	Commander Deck	2021-09-24	Coven Counters	100	no	57	Leinore, Autumn Sovereign (pool); Abzan Falconer (pool); Ainok Bond-Kin (pool)
MIC/undead-unleashed	MIC	Commander Deck	2021-09-24	Undead Unleashed	100	no	55	Wilhelt, the Rotcleaver (pool); Aetherspouts (pool); Army of the Damned (pool)
MID/wild-wizardry	MID	Arena Promotional Deck	2021-09-24	Wild Wizardry	60	no	17	Alrund's Epiphany (pool); Chaos Channeler (pool); Efreet Flamepainter (pool)
MIR/burning-sky	MIR	MTGO Theme Deck	2006-12-05	Burning Sky	60	no	17	Burning Palm Efreet (pool); Dissipate (pool); Dream Cache (pool)
MIR/jungle-jam	MIR	MTGO Theme Deck	2006-12-05	Jungle Jam	60	no	13	Afterlife (pool); Armor of Thorns (pool); Benevolent Unicorn (pool)
MIR/night-terrors	MIR	MTGO Theme Deck	2006-12-05	Night Terrors	60	no	17	Bone Harvest (pool); Dark Banishing (pool); Drain Life (pool)
MIR/ride-like-the-wind	MIR	MTGO Theme Deck	2006-12-05	Ride Like the Wind	60	no	18	Agility (pool); Alarum (pool); Aleatory (pool)
MKC/blame-game	MKC	Commander Deck	2024-02-09	Blame Game	100	no	57	Nelly Borca, Impulsive Accuser (pool); Agitator Ant (pool); Ancient Stone Idol (pool)
MKC/deadly-disguise	MKC	Commander Deck	2024-02-09	Deadly Disguise	100	no	59	Kaust, Eyes of the Glade (pool); Ainok Survivalist (pool); Akroma, Angel of Fury (pool)
MKC/deep-clue-sea	MKC	Commander Deck	2024-02-09	Deep Clue Sea	100	no	57	Morska, Undersea Sleuth (pool); Academy Manufactor (pool); Adrix and Nev, Twincasters (pool)
MKC/revenant-recon	MKC	Commander Deck	2024-02-09	Revenant Recon	100	no	53	Mirko, Obsessive Theorist (pool); Amphin Mutineer (pool); Animate Dead (pool)
MMQ/deepwood-menace-enhanced-deck	MMQ	Enhanced Deck	1999-10-04	Deepwood Menace - Enhanced Deck	60	no	10	Cinder Elemental (pool); Collective Unconscious (pool); Deepwood Wolverine (pool)
MMQ/deepwood-menace	MMQ	Theme Deck	1999-10-04	Deepwood Menace	60	no	13	Battle Squadron (pool); Cinder Elemental (pool); Deepwood Tantiv (pool)
MMQ/disrupter-enhanced-deck	MMQ	Enhanced Deck	1999-10-04	Disrupter - Enhanced Deck	60	no	15	Avalanche Riders (pool); Befoul (pool); Bone Shredder (pool)
MMQ/disrupter	MMQ	Theme Deck	1999-10-04	Disrupter	60	no	19	Alley Grifters (pool); Cackling Witch (pool); Cateran Enforcer (pool)
MMQ/rebel-s-call-enhanced-deck	MMQ	Enhanced Deck	1999-10-04	Rebel's Call - Enhanced Deck	60	no	16	Arc Lightning (pool); Armageddon (pool); Avalanche Riders (pool)
MMQ/rebel-s-call	MMQ	Theme Deck	1999-10-04	Rebel's Call	60	no	16	Afterlife (pool); Arrest (pool); Ballista Squad (pool)
MMQ/tidal-mastery-enhanced-deck	MMQ	Enhanced Deck	1999-10-04	Tidal Mastery - Enhanced Deck	60	no	15	Alabaster Wall (pool); Arrest (pool); Ballista Squad (pool)
MMQ/tidal-mastery	MMQ	Theme Deck	1999-10-04	Tidal Mastery	60	no	19	Afterlife (pool); Alabaster Wall (pool); Ballista Squad (pool)
MOC/call-for-backup	MOC	Commander Deck	2023-04-21	Call for Backup	100	no	57	Bright-Palm, Soul Awakener (pool); Abzan Battle Priest (pool); Abzan Falconer (pool)
MOC/cavalry-charge	MOC	Commander Deck	2023-04-21	Cavalry Charge	100	no	54	Sidar Jabari of Zhalfir (pool); Acclaimed Contender (pool); Adeline, Resplendent Cathar (pool)
MOC/divine-convocation	MOC	Commander Deck	2023-04-21	Divine Convocation	100	no	54	Kasla, the Broken Halo (pool); Angel of Finality (pool); Angel of Salvation (pool)
MOC/growing-threat	MOC	Commander Deck	2023-04-21	Growing Threat	100	no	52	Brimaz, Blight of Oreskos (pool); Ancient Stone Idol (pool); Angel of the Ruins (pool)
MOC/tinker-time	MOC	Commander Deck	2023-04-21	Tinker Time	100	no	60	Gimbal, Gremlin Prodigy (pool); Academy Manufactor (pool); Aid from the Cowl (pool)
MOM/braaains	MOM	Historic Brawl Precon Deck	2024-07-08	Braaains	100	no	57	Gisa and Geralf (pool); Archghoul of Thraben (pool); Aven Eternal (pool)
MOM/collateral-damage	MOM	Historic Brawl Precon Deck	2024-07-08	Collateral Damage	100	no	51	Judith, the Scourge Diva (pool); Annihilating Glare (pool); Big Score (pool)
MOM/flashy-fliers	MOM	Historic Brawl Precon Deck	2024-07-08	Flashy Fliers	100	no	54	Errant and Giada (pool); Air-Cult Elemental (pool); Angel of the Dire Hour (pool)
MOM/lightly-armored	MOM	Historic Brawl Precon Deck	2024-07-08	Lightly Armored	100	no	55	Danitha, New Benalia's Light (pool); Acclaimed Contender (pool); All That Glitters (pool)
MOM/smashing-stampede	MOM	Historic Brawl Precon Deck	2024-07-08	Smashing Stampede	100	no	53	Samut, Vizier of Naktamun (pool); Arbalest Engineers (pool); Barging Sergeant (pool)
MOR/battalion	MOR	Theme Deck	2008-02-01	Battalion	60	no	22	Ballyrush Banneret (pool); Burrenton Bombardier (pool); Burrenton Shield-Bearers (pool)
MOR/going-rogue	MOR	Theme Deck	2008-02-01	Going Rogue	60	no	25	Auntie's Snitch (pool); Cloak and Dagger (pool); Dewdrop Spy (pool)
MOR/shamanism	MOR	Theme Deck	2008-02-01	Shamanism	60	no	23	Bog-Strider Ash (pool); Bosk Banneret (pool); Everbark Shaman (pool)
MOR/warrior-s-code	MOR	Theme Deck	2008-02-01	Warrior's Code	60	no	21	Ambassador Oak (pool); Axegrinder Giant (pool); Boldwyr Heavyweights (pool)
MRD/bait-and-bludgeon	MRD	Theme Deck	2003-10-02	Bait and Bludgeon	60	no	12	Assert Authority (pool); Broodstar (pool); Frogmite (pool)
MRD/little-bashers	MRD	Theme Deck	2003-10-02	Little Bashers	60	no	12	Arrest (pool); Auriok Steelshaper (pool); Banshee's Blade (pool)
MRD/sacrificial-bam	MRD	Theme Deck	2003-10-02	Sacrificial Bam	60	no	6	Dross Scorpion (pool); Necrogen Spellbomb (pool); Pentavus (pool)
MRD/wicked-big	MRD	Theme Deck	2003-10-02	Wicked Big	60	no	11	Bloodscent (pool); Brown Ouphe (pool); Journey of Discovery (pool)
MSC/avengers-assemble-collector-s-edition	MSC	Commander Deck	2026-06-26	Avengers Assemble Collector's Edition	100	no	59	Captain America, Team Leader (pool); Ant-Man, Elusive Avenger (pool); Arcane Denial (pool)
MSC/avengers-assemble	MSC	Commander Deck	2026-06-26	Avengers Assemble	100	no	59	Captain America, Team Leader (pool); Ant-Man, Elusive Avenger (pool); Arcane Denial (pool)
MSC/doom-prevails-collector-s-edition	MSC	Commander Deck	2026-06-26	Doom Prevails Collector's Edition	100	no	55	Doctor Doom, King of Latveria (pool); Abomination, World Ravager (pool); Age of Ultron (pool)
MSC/doom-prevails	MSC	Commander Deck	2026-06-26	Doom Prevails	100	no	55	Doctor Doom, King of Latveria (pool); Abomination, World Ravager (pool); Age of Ultron (pool)
MSC/the-fantastic-four-collector-s-edition	MSC	Commander Deck	2026-06-26	The Fantastic Four Collector's Edition	100	no	54	Invisible Woman (pool); Alicia Masters, Skilled Sculptor (pool); Annie Joins Up (pool)
MSC/the-fantastic-four	MSC	Commander Deck	2026-06-26	The Fantastic Four	100	no	54	Invisible Woman (pool); Alicia Masters, Skilled Sculptor (pool); Annie Joins Up (pool)
MSC/wakanda-forever-collector-s-edition	MSC	Commander Deck	2026-06-26	Wakanda Forever Collector's Edition	100	no	52	T'Challa, the Black Panther (pool); Ancestral Communion (pool); Bast, Panther Goddess (pool)
MSC/wakanda-forever	MSC	Commander Deck	2026-06-26	Wakanda Forever	100	no	52	T'Challa, the Black Panther (pool); Ancestral Communion (pool); Bast, Panther Goddess (pool)
MSH/black-deck	MSH	Welcome Deck	2026-06-26	Black Deck	30	no	13	Black Widow, Daring Operative (pool); Dark Deed (pool); Doom Blade (pool)
MSH/blue-deck	MSH	Welcome Deck	2026-06-26	Blue Deck	30	no	14	A.I.M. Scientists (pool); Aerial Doombot (pool); Alchemax Slayer-Bots (pool)
MSH/green-deck	MSH	Welcome Deck	2026-06-26	Green Deck	30	no	14	Goliath, Mass Manipulator (pool); Hulk, Brutal Brawler (pool); Kapow! (pool)
MSH/red-deck	MSH	Welcome Deck	2026-06-26	Red Deck	30	no	15	Extremis Elite (pool); Furious Strength (pool); Happy Hogan, Dauntless Driver (pool)
MSH/white-deck	MSH	Welcome Deck	2026-06-26	White Deck	30	no	15	Black Panther, Claws of Bast (pool); Brave Brawler (pool); Crowd of True Believers (pool)
NCC/bedecked-brokers	NCC	Commander Deck	2022-04-29	Bedecked Brokers	100	no	60	Perrie, the Pulverizer (pool); Agent's Toolkit (pool); Ajani Unyielding (pool)
NCC/cabaretti-cacophony	NCC	Commander Deck	2022-04-29	Cabaretti Cacophony	100	no	56	Kitt Kanto, Mayhem Diva (pool); Agitator Ant (pool); Arasta of the Endless Web (pool)
NCC/maestros-massacre	NCC	Commander Deck	2022-04-29	Maestros Massacre	100	no	56	Anhelo, the Painter (pool); A Little Chat (pool); Army of the Damned (pool)
NCC/obscura-operation	NCC	Commander Deck	2022-04-29	Obscura Operation	100	no	53	Kamiz, Obscura Oculus (pool); Aerial Extortionist (pool); Alela, Artful Provocateur (pool)
NCC/riveteers-rampage	NCC	Commander Deck	2022-04-29	Riveteers Rampage	100	no	51	Henzie "Toolbox" Torre (pool); Aether Snap (pool); Artisan of Kozilek (pool)
NEC/buckle-up	NEC	Commander Deck	2022-02-18	Buckle Up	100	no	55	Kotori, Pilot Prodigy (pool); Access Denied (pool); Aerial Surveyor (pool)
NEC/upgrades-unleashed	NEC	Commander Deck	2022-02-18	Upgrades Unleashed	100	no	56	Chishiro, the Shattered Blade (pool); Agitator Ant (pool); Akki Battle Squad (pool)
NEM/breakdown-enhanced-deck	NEM	Enhanced Deck	2000-02-14	Breakdown - Enhanced Deck	60	no	11	Blastoderm (pool); Cloud Sprite (pool); Cloudskate (pool)
NEM/breakdown	NEM	Theme Deck	2000-02-14	Breakdown	60	no	14	Accumulated Knowledge (pool); Blastoderm (pool); Cloudskate (pool)
NEM/eruption-enhanced-deck	NEM	Enhanced Deck	2000-02-14	Eruption - Enhanced Deck	60	no	14	Arc Lightning (pool); Armageddon (pool); Expendable Troops (pool)
NEM/eruption	NEM	Theme Deck	2000-02-14	Eruption	60	no	17	Alabaster Wall (pool); Arc Mage (pool); Belbe's Armor (pool)
NEM/mercenaries-enhanced-deck	NEM	Enhanced Deck	2000-02-14	Mercenaries - Enhanced Deck	60	no	14	Cateran Brute (pool); Cateran Enforcer (pool); Cateran Kidnappers (pool)
NEM/mercenaries	NEM	Theme Deck	2000-02-14	Mercenaries	60	no	23	Alley Grifters (pool); Battlefield Percher (pool); Belbe's Portal (pool)
NEM/replicator-enhanced-deck	NEM	Enhanced Deck	2000-02-14	Replicator - Enhanced Deck	60	no	12	Arc Lightning (pool); Collective Unconscious (pool); Earthquake (pool)
NEM/replicator	NEM	Theme Deck	2000-02-14	Replicator	60	no	14	Blastoderm (pool); Cackling Witch (pool); Coiling Woodworm (pool)
NPH/artful-destruction	NPH	Intro Pack	2011-05-13	Artful Destruction	60	no	19	Blade Splicer (pool); Brutalizer Exarch (pool); Conversion Chamber (pool)
NPH/devouring-skies	NPH	Intro Pack	2011-05-13	Devouring Skies	60	no	21	Argentum Armor (pool); Augury Owl (pool); Blind Zealot (pool)
NPH/feast-of-flesh	NPH	Intro Pack	2011-05-13	Feast of Flesh	60	no	23	Artillerize (pool); Blistergrub (pool); Blisterstick Shaman (pool)
NPH/life-for-death	NPH	Intro Pack	2011-05-13	Life for Death	60	no	23	Act of Aggression (pool); Apostle's Blessing (pool); Blinding Souleater (pool)
NPH/ravaging-swarm	NPH	Intro Pack	2011-05-13	Ravaging Swarm	60	no	23	Blight Mamba (pool); Blighted Agent (pool); Chained Throatseeker (pool)
NPH/rot-from-within	NPH	Event Deck	2011-06-10	Rot from Within	75	no	20	Blight Mamba (pool); Carrion Call (pool); Contagion Clasp (pool)
NPH/war-of-attrition	NPH	Event Deck	2011-06-10	War of Attrition	75	no	20	Apostle's Blessing (pool); Bonehoard (pool); Darksteel Axe (pool)
ODY/liftoff	ODY	Theme Deck	2001-10-01	Liftoff	60	no	19	Aven Windreader (pool); Beloved Chaplain (pool); Cephalid Broker (pool)
ODY/one-two-punch	ODY	Theme Deck	2001-10-01	One-Two Punch	60	no	19	Beast Attack (pool); Chatter of the Squirrel (pool); Deep Reconnaissance (pool)
ODY/pressure-cooker	ODY	Theme Deck	2001-10-01	Pressure Cooker	60	no	20	Braids, Cabal Minion (pool); Chainflinger (pool); Childhood Horror (pool)
ODY/trounce-o-matic	ODY	Theme Deck	2001-10-01	Trounce-O-Matic	60	no	20	Careful Study (pool); Cephalid Looter (pool); Crashing Centaur (pool)
OGW/concerted-effort	OGW	Intro Pack	2016-01-22	Concerted Effort	60	no	23	Allied Reinforcements (pool); Angel of Renewal (pool); Cliffside Lookout (pool)
OGW/desperate-stand	OGW	Intro Pack	2016-01-22	Desperate Stand	60	no	22	Allied Reinforcements (pool); Cliffhaven Vampire (pool); Cliffside Lookout (pool)
OGW/surge-of-resistance	OGW	Intro Pack	2016-01-22	Surge of Resistance	60	no	20	Anticipate (pool); Boulder Salvo (pool); Cloud Manta (pool)
OGW/twisted-reality	OGW	Intro Pack	2016-01-22	Twisted Reality	60	no	21	Adverse Conditions (pool); Bane of Bala Ged (pool); Blinding Drone (pool)
OGW/vicious-cycle	OGW	Intro Pack	2016-01-22	Vicious Cycle	60	no	25	Altar's Reap (pool); Baloth Null (pool); Blisterpod (pool)
ONC/corrupting-influence	ONC	Commander Deck	2023-02-10	Corrupting Influence	100	no	56	Ixhel, Scion of Atraxa (pool); Beast Within (pool); Bilious Skulldweller (pool)
ONC/rebellion-rising	ONC	Commander Deck	2023-02-10	Rebellion Rising	100	no	52	Neyali, Suns' Vanguard (pool); Adriana, Captain of the Guard (pool); Assemble the Legion (pool)
ONE/vivien-s-hunt	ONE	Arena Promotional Deck	2023-02-10	Vivien's Hunt	60	no	18	Augur of Autumn (pool); Dawnhart Rejuvenator (pool); Deathbloom Gardener (pool)
ONS/bait-switch	ONS	Theme Deck	2002-10-07	Bait & Switch	60	no	20	Boneknitter (pool); Cabal Slaver (pool); Crown of Suspicion (pool)
ONS/celestial-assault	ONS	Theme Deck	2002-10-07	Celestial Assault	60	no	22	Airborne Aid (pool); Akroma's Blessing (pool); Ascending Aven (pool)
ONS/devastation	ONS	Theme Deck	2002-10-07	Devastation	60	no	17	Aether Charge (pool); Battering Craghorn (pool); Chain of Plasma (pool)
ONS/ivory-doom	ONS	Theme Deck	2002-10-07	Ivory Doom	60	no	20	Akroma's Blessing (pool); Astral Slide (pool); Aven Soulgazer (pool)
ORI/armed-and-dangerous	ORI	Clash Pack	2015-07-17	Armed and Dangerous	75	no	36	Abzan Ascendancy (pool); Anafenza, Kin-Tree Spirit (pool); Avatar of the Resolute (pool)
ORI/armed	ORI	Clash Pack	2015-07-17	Armed	60	no	24	Anointer of Champions (pool); Citadel Castellan (pool); Collected Company (pool)
ORI/assemble-victory	ORI	Intro Pack	2015-07-17	Assemble Victory	60	no	24	Alchemist's Vial (pool); Artificer's Epiphany (pool); Aspiring Aeronaut (pool)
ORI/black-deck	ORI	Sample Deck	2015-07-17	Black Deck	30	no	15	Catacomb Slug (pool); Cruel Revival (pool); Deadbridge Shaman (pool)
ORI/blue-deck	ORI	Sample Deck	2015-07-17	Blue Deck	30	no	12	Claustrophobia (pool); Disperse (pool); Hydrolash (pool)
ORI/brave-the-battle	ORI	Intro Pack	2015-07-17	Brave the Battle	60	no	21	Anointer of Champions (pool); Citadel Castellan (pool); Cleric of the Forward Order (pool)
ORI/dangerous	ORI	Clash Pack	2015-07-17	Dangerous	60	no	24	Abzan Ascendancy (pool); Abzan Battle Priest (pool); Abzan Falconer (pool)
ORI/demonic-deals	ORI	Intro Pack	2015-07-17	Demonic Deals	60	no	21	Act of Treason (pool); Blazing Hellhound (pool); Chandra's Fury (pool)
ORI/green-deck	ORI	Sample Deck	2015-07-17	Green Deck	30	no	12	Conclave Naturalists (pool); Elvish Visionary (pool); Hitchclaw Recluse (pool)
ORI/hunting-pack	ORI	Intro Pack	2015-07-17	Hunting Pack	60	no	21	Consecrated by Blood (pool); Deadbridge Shaman (pool); Dwynen's Elite (pool)
ORI/red-deck	ORI	Sample Deck	2015-07-17	Red Deck	30	no	14	Act of Treason (pool); Bellows Lizard (pool); Chandra's Fury (pool)
ORI/take-to-the-sky	ORI	Intro Pack	2015-07-17	Take to the Sky	60	no	20	Alhammarret, High Arbiter (pool); Aven Battle Priest (pool); Celestial Flare (pool)
ORI/white-deck	ORI	Sample Deck	2015-07-17	White Deck	30	no	12	Aegis Angel (pool); Akroan Jailer (pool); Charging Griffin (pool)
OTC/desert-bloom	OTC	Commander Deck	2024-04-19	Desert Bloom	100	no	52	Yuma, Proud Protector (pool); Ancient Greenwarden (pool); Angel of Indemnity (pool)
OTC/grand-larceny	OTC	Commander Deck	2024-04-19	Grand Larceny	100	no	53	Gonti, Canny Acquisitor (pool); Arcane Heist (pool); Baleful Mastery (pool)
OTC/most-wanted	OTC	Commander Deck	2024-04-19	Most Wanted	100	no	61	Olivia, Opulent Outlaw (pool); Academy Manufactor (pool); Aetherborn Marauder (pool)
OTC/quick-draw	OTC	Commander Deck	2024-04-19	Quick Draw	100	no	53	Stella Lee, Wild Card (pool); Arcane Bombardment (pool); Arcane Denial (pool)
OTJ/ancient-discovery	OTJ	Arena Starter Deck	2024-07-08	Ancient Discovery	60	no	23	Anim Pakal, Thousandth Moon (pool); Attentive Sunscribe (pool); Aurelia, the Law Above (pool)
OTJ/crack-the-case	OTJ	Arena Starter Deck	2024-07-08	Crack the Case	60	no	21	Agency Outfitter (pool); Alquist Proft, Master Sleuth (pool); Cold Case Cracker (pool)
OTJ/desert-oasis	OTJ	Arena Starter Deck	2024-07-08	Desert Oasis	60	no	19	Beanstalk Wurm // Plant Beans (pool); Bonny Pall, Clearcutter (pool); Cactarantula (pool)
OTJ/dino-might	OTJ	Arena Starter Deck	2024-07-08	Dino Might	60	no	18	Armored Kincaller (pool); Burning Sun Cavalry (pool); Cavern Stomper (pool)
OTJ/faerie-pranks	OTJ	Arena Starter Deck	2024-07-08	Faerie Pranks	60	no	18	Barrow Naughty (pool); Deduce (pool); Drag the Canal (pool)
OTJ/outlaw-posse	OTJ	Arena Starter Deck	2024-07-08	Outlaw Posse	60	no	22	Boneyard Desecrator (pool); Cerebral Confiscation (pool); Charming Scoundrel (pool)
OTJ/power-to-the-people	OTJ	Arena Starter Deck	2024-07-08	Power to the People	60	no	19	Assemble the Players (pool); Auspicious Arrival (pool); Consuming Ashes (pool)
OTJ/saddle-up	OTJ	Arena Starter Deck	2024-07-08	Saddle Up	60	no	21	Acrobatic Leap (pool); Ankle Biter (pool); Bounding Felidar (pool)
OTJ/second-chance	OTJ	Arena Starter Deck	2024-07-08	Second Chance	60	no	20	Abrade (pool); Aquatic Alchemist // Bubble Up (pool); Archmage's Newt (pool)
OTJ/snack-time	OTJ	Arena Starter Deck	2024-07-08	Snack Time	60	no	20	Bristlebud Farmer (pool); Experimental Confectioner (pool); Feed the Cauldron (pool)
P02/goblin-fire	P02	Theme Deck	1998-06-24	Goblin Fire	40	no	10	Goblin Cavaliers (pool); Goblin Firestarter (pool); Goblin General (pool)
P02/martial-law	P02	Theme Deck	1998-06-24	Martial Law	40	no	7	Alaborn Trooper (pool); Alaborn Veteran (pool); Angel of Fury (pool)
P02/nature-s-assault	P02	Theme Deck	1998-06-24	Nature's Assault	40	no	10	Alluring Scent (pool); Bear Cub (pool); Golden Bear (pool)
P02/preconstructed-deck-1	P02	Starter Deck	1998-06-24	Preconstructed deck 1	30	no	12	Coercion (pool); Dakmor Scorpion (pool); Goblin Cavaliers (pool)
P02/preconstructed-deck-2	P02	Starter Deck	1998-06-24	Preconstructed deck 2	30	no	11	Alaborn Trooper (pool); Bear Cub (pool); Golden Bear (pool)
P02/spellweaver	P02	Theme Deck	1998-06-24	Spellweaver	40	no	7	Apprentice Sorcerer (pool); Exhaustion (pool); Talas Explorer (pool)
P02/the-nightstalkers	P02	Theme Deck	1998-06-24	The Nightstalkers	40	no	10	Abyssal Nightstalker (pool); Brutal Nightstalker (pool); Cruel Edict (pool)
PAST/aga-galneer	PAST	Shandalar Enemy Deck	1997-04-01	Aga Galneer	69	no	15	Ashes to Ashes (pool); Drain Life (pool); El-Hajjâj (pool)
PAST/alt-a-kesh	PAST	Shandalar Enemy Deck	1997-04-01	Alt-A-Kesh	62	no	11	Cockatrice (pool); Energy Flux (pool); Gem Bazaar (pool)
PAST/ape-lord	PAST	Shandalar Enemy Deck	1997-04-01	Ape Lord	60	no	9	Craw Wurm (pool); Detonate (pool); Disintegrate (pool)
PAST/arch-angel	PAST	Shandalar Enemy Deck	1997-04-01	Arch Angel	66	no	7	Mana Vault (stub); Onulet (pool); Osai Vultures (pool)
PAST/arzakon	PAST	Shandalar Enemy Deck	1997-04-01	Arzakon	138	no	48	Animate Dead (pool); Berserk (pool); Black Mana Battery (pool)
PAST/astral-visionary	PAST	Shandalar Enemy Deck	1997-04-01	Astral Visionary	66	no	11	Copy Artifact (pool); Drain Power (pool); Howling Mine (pool)
PAST/azaar-lichlord	PAST	Shandalar Enemy Deck	1997-04-01	Azaar - Lichlord	61	no	8	Black Vise (pool); Drain Life (pool); Gloom (pool)
PAST/beast-master	PAST	Shandalar Enemy Deck	1997-04-01	Beast Master	62	no	9	Aspect of Wolf (pool); Aswan Jaguar (pool); Durkwood Boars (pool)
PAST/centaur-shaman	PAST	Shandalar Enemy Deck	1997-04-01	Centaur Shaman	64	no	11	Cockatrice (pool); Cursed Land (pool); Onulet (pool)
PAST/centaur-warchief	PAST	Shandalar Enemy Deck	1997-04-01	Centaur Warchief	64	no	9	Cave People (pool); Colossus of Sardia (pool); Dragon Whelp (pool)
PAST/cleric	PAST	Shandalar Enemy Deck	1997-04-01	Cleric	62	no	11	Amrou Kithkin (pool); Benalish Hero (pool); Holy Armor (pool)
PAST/conjurer	PAST	Shandalar Enemy Deck	1997-04-01	Conjurer	67	no	8	Animate Artifact (pool); Pirate Ship (pool); Steal Artifact (pool)
PAST/crag-hydra	PAST	Shandalar Enemy Deck	1997-04-01	Crag Hydra	61	no	11	Detonate (pool); Disintegrate (pool); Fireball (pool)
PAST/crusader	PAST	Shandalar Enemy Deck	1997-04-01	Crusader	72	no	13	Battering Ram (pool); Benalish Hero (pool); Crusade (pool)
PAST/dracur	PAST	Shandalar Enemy Deck	1997-04-01	Dracur	67	no	15	Blight (pool); Dingus Egg (pool); Disintegrate (pool)
PAST/druid	PAST	Shandalar Enemy Deck	1997-04-01	Druid	65	no	10	Craw Wurm (pool); Durkwood Boars (pool); Grizzly Bears (pool)
PAST/elementalist	PAST	Shandalar Enemy Deck	1997-04-01	Elementalist	66	no	14	Drain Power (pool); Earth Elemental (pool); Earthquake (pool)
PAST/elvish-magi	PAST	Shandalar Enemy Deck	1997-04-01	Elvish Magi	65	no	8	Elven Riders (pool); Hurricane (pool); Stream of Life (pool)
PAST/enchantress	PAST	Shandalar Enemy Deck	1997-04-01	Enchantress	68	no	13	Aspect of Wolf (pool); Cockatrice (pool); Coral Helm (pool)
PAST/forest-dragon	PAST	Shandalar Enemy Deck	1997-04-01	Forest Dragon	69	no	9	Cockatrice (pool); Craw Wurm (pool); Crumble (pool)
PAST/fungus-master	PAST	Shandalar Enemy Deck	1997-04-01	Fungus Master	64	no	7	Fungusaur (pool); Ironroot Treefolk (pool); Oasis (stub)
PAST/goblin-warlord	PAST	Shandalar Enemy Deck	1997-04-01	Goblin Warlord	64	no	10	Goblin King (pool); Goblin Polka Band (pool); Helm of Chatzuk (pool)
PAST/great-druid	PAST	Shandalar Enemy Deck	1997-04-01	Great Druid	66	no	8	Aspect of Wolf (pool); Gaea's Liege (pool); Instill Energy (pool)
PAST/guardian-of-the-tusk	PAST	Shandalar Enemy Deck	1997-04-01	Guardian of the Tusk	60	no	6	Berserk (pool); Colossus of Sardia (pool); Elder Land Wurm (pool)
PAST/high-priest	PAST	Shandalar Enemy Deck	1997-04-01	High Priest	61	no	9	Armageddon (pool); Balance (pool); Dingus Egg (pool)
PAST/kiska-ra	PAST	Shandalar Enemy Deck	1997-04-01	Kiska-Ra	66	no	12	Braingeyser (pool); Control Magic (pool); Gem Bazaar (pool)
PAST/kzzy-n-the-dragon-lord	PAST	Shandalar Enemy Deck	1997-04-01	Kzzy'n - The Dragon Lord	64	no	10	Craw Wurm (pool); Dragon Whelp (pool); Elder Land Wurm (pool)
PAST/lord-of-fate	PAST	Shandalar Enemy Deck	1997-04-01	Lord of Fate	69	no	8	Drudge Skeletons (pool); Healing Salve (pool); Necropolis of Azar (pool)
PAST/mandurang	PAST	Shandalar Enemy Deck	1997-04-01	Mandurang	75	no	12	Blood Lust (stub); Braingeyser (pool); Cursed Land (pool)
PAST/merfolk-shaman	PAST	Shandalar Enemy Deck	1997-04-01	Merfolk Shaman	60	no	10	Island Fish Jasconius (pool); Lifetap (pool); Lord of Atlantis (pool)
PAST/mind-stealer	PAST	Shandalar Enemy Deck	1997-04-01	Mind Stealer	66	no	16	Animate Dead (pool); Call from the Grave (pool); Control Magic (pool)
PAST/necromancer	PAST	Shandalar Enemy Deck	1997-04-01	Necromancer	63	no	14	Animate Dead (pool); Bad Moon (pool); Bog Wraith (pool)
PAST/nether-fiend	PAST	Shandalar Enemy Deck	1997-04-01	Nether Fiend	64	no	9	Animate Dead (pool); Black Knight (pool); Erg Raiders (pool)
PAST/paladin	PAST	Shandalar Enemy Deck	1997-04-01	Paladin	63	no	10	Angry Mob (pool); Benalish Hero (pool); Circle of Protection: Black (pool)
PAST/priestess	PAST	Shandalar Enemy Deck	1997-04-01	Priestess	68	no	16	Animate Wall (pool); Benalish Hero (pool); Blessing (pool)
PAST/prismat	PAST	Shandalar Enemy Deck	1997-04-01	Prismat	62	no	11	Detonate (pool); Earthquake (pool); Healing Salve (pool)
PAST/queltosh	PAST	Shandalar Enemy Deck	1997-04-01	Queltosh	74	no	36	Black Vise (pool); Brass Man (pool); Candelabra of Tawnos (pool)
PAST/sainted-one	PAST	Shandalar Enemy Deck	1997-04-01	Sainted One	75	no	19	Armageddon (pool); Armageddon Clock (pool); Balance (pool)
PAST/saltrem-tor	PAST	Shandalar Enemy Deck	1997-04-01	Saltrem Tor	60	no	9	Control Magic (pool); Crimson Manticore (pool); Fireball (pool)
PAST/sea-drake	PAST	Shandalar Enemy Deck	1997-04-01	Sea Drake	62	no	11	Creature Bond (pool); Island Fish Jasconius (pool); Leviathan (pool)
PAST/sedge-beast	PAST	Shandalar Enemy Deck	1997-04-01	Sedge Beast	62	no	7	Blight (pool); Cyclopean Mummy (pool); Diabolic Machine (pool)
PAST/seer	PAST	Shandalar Enemy Deck	1997-04-01	Seer	60	no	8	Crystal Rod (pool); Drain Power (pool); Ghost Ship (pool)
PAST/shapeshifter	PAST	Shandalar Enemy Deck	1997-04-01	Shapeshifter	62	no	10	Backfire (pool); Hurkyl's Recall (pool); Ivory Tower (pool)
PAST/sorcerer	PAST	Shandalar Enemy Deck	1997-04-01	Sorcerer	65	no	6	Brass Man (pool); Hurr Jackal (pool); Manabarbs (pool)
PAST/sorceress	PAST	Shandalar Enemy Deck	1997-04-01	Sorceress	64	no	12	Ball Lightning (pool); Blood Lust (stub); Dragon Whelp (pool)
PAST/summoner	PAST	Shandalar Enemy Deck	1997-04-01	Summoner	63	no	10	Channel (pool); Circle of Protection: Green (pool); Colossus of Sardia (pool)
PAST/thought-invoker	PAST	Shandalar Enemy Deck	1997-04-01	Thought Invoker	62	no	12	Control Magic (pool); Drain Power (pool); Energy Flux (pool)
PAST/troll-shaman	PAST	Shandalar Enemy Deck	1997-04-01	Troll Shaman	67	no	16	Conservator (pool); Fireball (pool); Gray Ogre (pool)
PAST/undead-knight	PAST	Shandalar Enemy Deck	1997-04-01	Undead Knight	72	no	16	Bad Moon (pool); Black Knight (pool); Drudge Skeletons (pool)
PAST/vampire-lord	PAST	Shandalar Enemy Deck	1997-04-01	Vampire Lord	66	no	10	Animate Dead (pool); Howling Mine (pool); Mana Vault (stub)
PAST/war-mage	PAST	Shandalar Enemy Deck	1997-04-01	War Mage	62	no	9	Ball Lightning (pool); Detonate (pool); Disintegrate (pool)
PAST/warlock	PAST	Shandalar Enemy Deck	1997-04-01	Warlock	66	no	12	Drain Life (pool); El-Hajjâj (pool); Fear (pool)
PAST/whim	PAST	Shandalar Enemy Deck	1997-04-01	Whim	62	no	12	Alabaster Potion (pool); Colossus of Sardia (pool); Drain Power (pool)
PAST/winged-stallion	PAST	Shandalar Enemy Deck	1997-04-01	Winged Stallion	68	no	11	Conversion (pool); Holy Armor (pool); Howling Mine (pool)
PAST/witch	PAST	Shandalar Enemy Deck	1997-04-01	Witch	63	no	10	Clay Statue (pool); Diabolic Machine (pool); Drain Life (pool)
PC2/chaos-reigns	PC2	Planechase Deck	2012-06-01	Chaos Reigns	60	no	28	Arc Trail (pool); Armillary Sphere (pool); Beast Within (pool)
PC2/night-of-the-ninja	PC2	Planechase Deck	2012-06-01	Night Of The Ninja	60	no	27	Assassinate (pool); Augury Owl (pool); Cadaver Imp (pool)
PC2/primordial-hunger	PC2	Planechase Deck	2012-06-01	Primordial Hunger	60	no	27	Awakening Zone (pool); Beetleback Chief (pool); Brindle Shoat (pool)
PC2/savage-auras	PC2	Planechase Deck	2012-06-01	Savage Auras	60	no	28	Aura Gnarlid (pool); Auramancer (pool); Auratouched Mage (pool)
PCA/chaos-reigns	PCA	Planechase Deck	2016-11-25	Chaos Reigns	60	no	28	Arc Trail (pool); Armillary Sphere (pool); Beast Within (pool)
PCA/night-of-the-ninja	PCA	Planechase Deck	2016-11-25	Night Of The Ninja	60	no	27	Assassinate (pool); Augury Owl (pool); Cadaver Imp (pool)
PCA/primordial-hunger	PCA	Planechase Deck	2016-11-25	Primordial Hunger	60	no	27	Awakening Zone (pool); Beetleback Chief (pool); Brindle Shoat (pool)
PCA/savage-auras	PCA	Planechase Deck	2016-11-25	Savage Auras	60	no	28	Aura Gnarlid (pool); Auramancer (pool); Auratouched Mage (pool)
PCY/distress	PCY	Theme Deck	2000-06-05	Distress	60	no	22	Afterlife (pool); Angelic Favor (pool); Avatar of Woe (pool)
PCY/pummel	PCY	Theme Deck	2000-06-05	Pummel	60	no	22	Animate Land (pool); Avatar of Might (pool); Blastoderm (pool)
PCY/slither	PCY	Theme Deck	2000-06-05	Slither	60	no	19	Barbed Field (pool); Chimeric Idol (pool); Citadel of Pain (pool)
PCY/turnaround	PCY	Theme Deck	2000-06-05	Turnaround	60	no	18	Chieftain en-Dal (pool); Crossbow Infantry (pool); Daze (pool)
PD2/fire-and-lightning	PD2	Premium Deck	2010-11-19	Fire and Lightning	60	no	23	Ball Lightning (pool); Boggart Ram-Gang (pool); Browbeat (pool)
PD3/graveborn	PD3	Premium Deck	2011-11-18	Graveborn	60	no	20	Animate Dead (pool); Avatar of Woe (pool); Blazing Archon (pool)
PIP/hail-caesar	PIP	Commander Deck	2024-03-08	Hail, Caesar	100	no	63	Caesar, Legion's Emperor (pool); Anguished Unmaking (pool); Aradesh, the Founder (pool)
PIP/mutant-menace	PIP	Commander Deck	2024-03-08	Mutant Menace	100	no	57	The Wise Mothman (pool); Agent Frank Horrigan (pool); Alpha Deathclaw (pool)
PIP/science	PIP	Commander Deck	2024-03-08	Science!	100	no	54	Dr. Madison Li (pool); Arcade Gannon (pool); Assaultron Dominator (pool)
PIP/scrappy-survivors	PIP	Commander Deck	2024-03-08	Scrappy Survivors	100	no	55	Dogmeat, Ever Loyal (pool); Abundant Growth (pool); Acquired Mutation (pool)
PLC/endless-march	PLC	Theme Deck	2007-02-02	Endless March	60	no	22	Avalanche Riders (pool); Aven Riftwatcher (pool); Brute Force (pool)
PLC/ixidor-s-legacy	PLC	Theme Deck	2007-02-02	Ixidor's Legacy	60	no	24	Aeon Chronicler (pool); Aquamorph Entity (pool); Brine Elemental (pool)
PLC/rituals-of-rebirth	PLC	Theme Deck	2007-02-02	Rituals of Rebirth	60	no	18	Bog Serpent (pool); Dread Return (pool); Essence Warden (pool)
PLC/unraveling-mind	PLC	Theme Deck	2007-02-02	Unraveling Mind	60	no	21	Big Game Hunter (pool); Brain Gorgers (pool); Browbeat (pool)
PLS/barrage	PLS	Theme Deck	2001-02-05	Barrage	60	no	19	Amphibious Kavu (pool); Assault // Battery (pool); Caldera Kavu (pool)
PLS/comeback	PLS	Theme Deck	2001-02-05	Comeback	60	no	23	Arctic Merfolk (pool); Cavern Harpy (pool); Confound (pool)
PLS/domain	PLS	Theme Deck	2001-02-05	Domain	60	no	23	Allied Strategies (pool); Breath of Darigaaz (pool); Confound (pool)
PLS/scout	PLS	Theme Deck	2001-02-05	Scout	60	no	23	Amphibious Kavu (pool); Ancient Kavu (pool); Armadillo Cloak (pool)
POR/preconstructed-deck-1	POR	Starter Deck	1997-05-01	Preconstructed deck 1	35	no	11	Anaconda (pool); Defiant Stand (pool); Devoted Hero (pool)
POR/preconstructed-deck-2	POR	Starter Deck	1997-05-01	Preconstructed deck 2	35	no	14	Command of Unsummoning (pool); Coral Eel (pool); Craven Knight (pool)
PS11/claws-of-vengeance	PS11	Theme Deck	2011-01-01	Claws of Vengeance	60	no	17	Angel's Feather (pool); Brion Stoutarm (pool); Bull Cerodon (pool)
PS11/cries-of-rage	PS11	Theme Deck	2011-01-01	Cries of Rage	60	no	21	Axegrinder Giant (pool); Borderland Behemoth (pool); Bramblewood Paragon (pool)
PS11/ears-of-the-elves	PS11	Theme Deck	2011-01-01	Ears of the Elves	60	no	19	Coat of Arms (pool); Drove of Elves (pool); Elven Riders (pool)
PS11/eons-of-evil	PS11	Theme Deck	2011-01-01	Eons of Evil	60	no	17	Acolyte of Xathrid (pool); Banewasp Affliction (pool); Deathbringer Thoctar (pool)
PS11/eyes-of-shadow	PS11	Theme Deck	2011-01-01	Eyes of Shadow	60	no	16	Abyssal Specter (pool); Ascendant Evincar (pool); Consume Spirit (pool)
PS11/fangs-of-the-predator	PS11	Theme Deck	2011-01-01	Fangs of the Predator	60	no	14	Blanchwood Armor (pool); Civic Wayfinder (pool); Duskdale Wurm (pool)
PS11/hands-of-fire	PS11	Theme Deck	2011-01-01	Hands of Fire	60	no	13	Act of Treason (pool); Banefire (pool); Bloodmark Mentor (pool)
PS11/mind-of-the-void	PS11	Theme Deck	2011-01-01	Mind of the Void	60	no	20	Angel's Feather (pool); Cancel (pool); Condemn (pool)
PS11/relics-of-doom	PS11	Theme Deck	2011-01-01	Relics of Doom	60	no	16	Alpha Myr (pool); Cancel (pool); Demon's Horn (pool)
PS11/scales-of-fury	PS11	Theme Deck	2011-01-01	Scales of Fury	60	no	14	Blightning (pool); Civic Wayfinder (pool); Crucible of Fire (pool)
PS11/thoughts-of-the-wind	PS11	Theme Deck	2011-01-01	Thoughts of the Wind	60	no	12	Cancel (pool); Cloud Sprite (pool); Counterbore (pool)
PS11/wings-of-light	PS11	Theme Deck	2011-01-01	Wings of Light	60	no	7	Angel's Feather (pool); Goldenglow Moth (pool); Holy Day (pool)
PSAL/angels	PSAL	Theme Deck	2005-08-01	Angels	60	no	17	Auratouched Mage (pool); Confiscate (pool); Freewind Equenaut (pool)
PSAL/beasts	PSAL	Theme Deck	2005-08-01	Beasts	60	no	15	Enormous Baloth (pool); Fangren Firstborn (pool); Fangren Pathcutter (pool)
PSAL/berserk	PSAL	Theme Deck	2005-08-01	Berserk	60	no	15	Balduvian Rage (pool); Burning-Tree Bloodscale (pool); Feral Lightning (pool)
PSAL/cats	PSAL	Theme Deck	2005-08-01	Cats	60	no	16	Arctic Nishoba (pool); Grifter's Blade (pool); Jedit Ojanen of Efrava (pool)
PSAL/elves	PSAL	Theme Deck	2005-08-01	Elves	60	no	19	Alpha Status (pool); Ambush Commander (pool); Birchlore Rangers (pool)
PSAL/ninjas	PSAL	Theme Deck	2005-08-01	Ninjas	60	no	23	Cephalid Constable (pool); Chill Haunting (pool); Clutch of the Undercity (pool)
PSAL/ravenous-rats	PSAL	Theme Deck	2005-08-01	Ravenous Rats	60	no	21	Betrayal of Flesh (pool); Carrion Rats (pool); Chittering Rats (pool)
PSAL/slivers	PSAL	Theme Deck	2005-08-01	Slivers	60	no	19	Aphetto Dredging (pool); Bloodscent (pool); Brood Sliver (pool)
PSAL/spirits	PSAL	Theme Deck	2005-08-01	Spirits	60	no	21	Aether Shockwave (pool); Angelic Page (pool); Blademane Baku (pool)
PSAL/thallids	PSAL	Theme Deck	2005-08-01	Thallids	60	no	20	Beast of Burden (pool); Bramble Elemental (pool); Detainment Spell (pool)
PSAL/wizards	PSAL	Theme Deck	2005-08-01	Wizards	60	no	13	Aven Windreader (pool); Belltower Sphinx (pool); Booby Trap (pool)
PSAL/zombies	PSAL	Theme Deck	2005-08-01	Zombies	60	no	17	Blind Creeper (pool); Call for Blood (pool); Dance of Shadows (pool)
PTC/bertrand-lestree-finalist	PTC	Pro Tour Deck	1996-05-01	Bertrand Lestree, Finalist	75	no	16	Armageddon (pool); Autumn Willow (pool); Balance (pool)
PTC/eric-tam-quarterfinalist	PTC	Pro Tour Deck	1996-05-01	Eric Tam, Quarterfinalist	75	no	23	Autumn Willow (pool); Balance (pool); Blinking Spirit (pool)
PTC/george-baxter-quarterfinalist	PTC	Pro Tour Deck	1996-05-01	George Baxter, Quarterfinalist	75	no	15	Barbed Sextant (pool); Erhnam Djinn (pool); Fireball (pool)
PTC/leon-lindback-semifinalist	PTC	Pro Tour Deck	1996-05-01	Leon Lindback, Semifinalist	75	no	20	Dance of the Dead (pool); Dark Banishing (pool); Drain Life (pool)
PTC/mark-justice-quarterfinalist	PTC	Pro Tour Deck	1996-05-01	Mark Justice, Quarterfinalist	75	no	17	Balance (pool); Black Vise (pool); Detonate (pool)
PTC/michael-loconto-champion	PTC	Pro Tour Deck	1996-05-01	Michael Loconto, Champion	77	no	17	Balance (pool); Blinking Spirit (pool); Control Magic (pool)
PTC/preston-poulter-semifinalist	PTC	Pro Tour Deck	1996-05-01	Preston Poulter, Semifinalist	75	no	15	Armageddon (pool); Autumn Willow (pool); Balance (pool)
PTC/shawn-hammer-regnier-quarterfinalist	PTC	Pro Tour Deck	1996-05-01	Shawn Hammer Regnier, Quarterfinalist	75	no	16	Balance (pool); Ivory Tower (pool); Land Tax (pool)
PTK/preconstructed-deck-1	PTK	Starter Deck	1999-05-01	Preconstructed deck 1	30	no	14	Coercion (pool); Deception (pool); Ghostly Visit (pool)
PTK/preconstructed-deck-2	PTK	Starter Deck	1999-05-01	Preconstructed deck 2	30	no	15	Borrowing 100,000 Arrows (pool); Forced Retreat (pool); Forest Bear (pool)
PTK/shu-kingdom	PTK	Theme Deck	1999-05-01	Shu Kingdom	40	no	9	Guan Yu, Sainted Warrior (pool); Liu Bei, Lord of Shu (pool); Misfortune's Gain (pool)
PTK/wei-kingdom	PTK	Theme Deck	1999-05-01	Wei Kingdom	40	no	12	Cao Cao, Lord of Wei (pool); Cunning Advisor (pool); Deception (pool)
PTK/wu-kingdom	PTK	Theme Deck	1999-05-01	Wu Kingdom	40	no	10	Exhaustion (pool); Forced Retreat (pool); Lu Xun, Scholar General (pool)
Q01/counter-surge	Q01	Challenger Deck	2018-04-06	Counter Surge	75	no	20	Aether Hub (stub); Blossoming Defense (pool); Dreamstealer (pool)
Q01/hazoret-aggro	Q01	Challenger Deck	2018-04-06	Hazoret Aggro	75	no	18	Abrade (pool); Ahn-Crop Crasher (pool); Bomat Courier (pool)
Q01/second-sun-control	Q01	Challenger Deck	2018-04-06	Second Sun Control	75	no	15	Aether Meltdown (pool); Approach of the Second Sun (pool); Cast Out (pool)
Q01/vehicle-rush	Q01	Challenger Deck	2018-04-06	Vehicle Rush	75	no	19	Aether Hub (stub); Aethersphere Harvester (pool); Bomat Courier (pool)
Q02/arcane-tempo	Q02	Challenger Deck	2019-04-12	Arcane Tempo	75	no	16	Arclight Phoenix (pool); Beacon Bolt (pool); Blink of an Eye (pool)
Q02/deadly-discovery	Q02	Challenger Deck	2019-04-12	Deadly Discovery	75	no	16	Cast Down (pool); District Guide (pool); Find // Finality (pool)
Q02/lightning-aggro	Q02	Challenger Deck	2019-04-12	Lightning Aggro	75	no	15	Banefire (pool); Experimental Frenzy (pool); Fanatical Firebrand (pool)
Q02/united-assault	Q02	Challenger Deck	2019-04-12	United Assault	75	no	18	Adanto Vanguard (pool); Ajani's Pridemate (pool); Benalish Marshal (pool)
Q03/awakening-earth	Q03	Challenger Deck	2019-11-08	Awakening Earth	75	no	15	Chemister's Insight (pool); Frilled Mystic (pool); Growth Spiral (pool)
Q03/song-dance	Q03	Challenger Deck	2019-11-08	Song Dance	75	no	17	Burning Prophet (pool); Defiant Strike (pool); Dreadhorde Arcanist (pool)
Q04/allied-fires	Q04	Challenger Deck	2020-03-27	Allied Fires	75	no	20	Banishing Light (pool); Deafening Clarion (pool); Drawn from Dreams (pool)
Q04/cavalcade-charge	Q04	Challenger Deck	2020-03-27	Cavalcade Charge	75	no	15	Bonecrusher Giant // Stomp (pool); Cavalcade of Calamity (pool); Chandra, Acolyte of Flame (pool)
Q04/final-adventure	Q04	Challenger Deck	2020-03-27	Final Adventure	75	no	19	Blacklance Paragon (pool); Disfigure (pool); Edgewall Innkeeper (pool)
Q04/flash-of-ferocity	Q04	Challenger Deck	2020-03-27	Flash of Ferocity	75	no	16	Brazen Borrower // Petty Theft (stub); Brineborn Cutthroat (pool); Fabled Passage (stub)
Q05/azorius-control	Q05	Challenger Deck	2021-04-02	Azorius Control	75	no	17	Archon of Sun's Grace (pool); Banishing Light (pool); Behold the Multiverse (pool)
Q05/dimir-rogue	Q05	Challenger Deck	2021-04-02	Dimir Rogue	75	no	18	Blackbloom Rogue // Blackbloom Bog (stub); Bloodchief's Thirst (pool); Drown in the Loch (pool)
Q05/mono-green-stompy	Q05	Challenger Deck	2021-04-02	Mono-Green Stompy	75	no	19	Garruk, Unleashed (pool); Gemrazer (stub); Lovestruck Beast // Heart's Desire (pool)
Q05/mono-red-aggro	Q05	Challenger Deck	2021-04-02	Mono-Red Aggro	75	no	17	Akoum Hellhound (pool); Anax, Hardened in the Forge (pool); Bonecrusher Giant // Stomp (pool)
Q06/azorius-spirits	Q06	Pioneer Challenger Deck	2021-10-15	Azorius Spirits	75	no	19	Brazen Borrower // Petty Theft (stub); Empyrean Eagle (pool); Lofty Denial (pool)
Q06/lotus-field-combo	Q06	Pioneer Challenger Deck	2021-10-15	Lotus Field Combo	75	no	18	Arboreal Grazer (pool); Fae of Wishes // Granted (pool); Hidden Strings (pool)
Q06/mono-red-burn	Q06	Pioneer Challenger Deck	2021-10-15	Mono-Red Burn	75	no	15	Bomat Courier (pool); Bonecrusher Giant // Stomp (pool); Ghitu Lavarunner (pool)
Q06/orzhov-auras	Q06	Pioneer Challenger Deck	2021-10-15	Orzhov Auras	75	no	16	All That Glitters (pool); Alseid of Life's Bounty (pool); Cartouche of Solidarity (pool)
Q07/dimir-control	Q07	Challenger Deck	2022-04-01	Dimir Control	75	no	19	Baleful Mastery (pool); Blood on the Snow (pool); Crippling Fear (pool)
Q07/gruul-stompy	Q07	Challenger Deck	2022-04-01	Gruul Stompy	75	no	19	Abrade (pool); Briarbridge Tracker (pool); Goldspan Dragon (pool)
Q07/mono-white-aggro	Q07	Challenger Deck	2022-04-01	Mono White Aggro	75	no	18	Clarion Spirit (pool); Codespell Cleric (pool); Elite Spellbinder (pool)
Q07/rakdos-vampires	Q07	Challenger Deck	2022-04-01	Rakdos Vampires	75	no	21	Bloodtithe Harvester (pool); Den of the Bugbear (stub); Dominating Vampire (pool)
Q08/dimir-control	Q08	Pioneer Challenger Deck	2022-11-04	Dimir Control	75	no	18	Censor (pool); Consider (pool); Drown in the Loch (pool)
Q08/gruul-stompy	Q08	Pioneer Challenger Deck	2022-11-04	Gruul Stompy	75	no	11	Abrade (pool); Bonecrusher Giant // Stomp (pool); Chandra, Torch of Defiance (pool)
Q08/izzet-phoenix	Q08	Pioneer Challenger Deck	2022-11-04	Izzet Phoenix	75	no	16	Arclight Phoenix (pool); Chart a Course (pool); Consider (pool)
Q08/orzhov-humans	Q08	Pioneer Challenger Deck	2022-11-04	Orzhov Humans	75	no	17	Bloodchief's Thirst (pool); Bloodsoaked Champion (pool); Dauntless Bodyguard (pool)
RAV/charge-of-the-boros	RAV	Theme Deck	2005-10-07	Charge of the Boros	60	no	17	Agrus Kos, Wojek Veteran (pool); Bathe in Light (pool); Boros Swiftblade (pool)
RAV/dimir-intrigues	RAV	Theme Deck	2005-10-07	Dimir Intrigues	60	no	19	Belltower Sphinx (pool); Clutch of the Undercity (pool); Consult the Necrosages (pool)
RAV/golgari-deathcreep	RAV	Theme Deck	2005-10-07	Golgari Deathcreep	60	no	21	Darkblast (pool); Drooling Groodion (pool); Elvish Skysweeper (pool)
RAV/selesnya-united	RAV	Theme Deck	2005-10-07	Selesnya United	60	no	19	Caregiver (pool); Centaur Safeguard (pool); Conclave Phalanx (pool)
RIX/angrath-minotaur-pirate	RIX	Planeswalker Deck	2018-01-19	Angrath, Minotaur Pirate	60	no	20	Angrath's Ambusher (pool); Angrath's Fury (pool); Angrath, Minotaur Pirate (pool)
RIX/vraska-scheming-gorgon	RIX	Planeswalker Deck	2018-01-19	Vraska, Scheming Gorgon	60	no	22	Bishop of the Bloodstained (pool); Bright Reprisal (pool); Champion of Dusk (pool)
RNA/domri-city-smasher	RNA	Planeswalker Deck	2019-01-25	Domri, City Smasher	60	no	18	Axebane Beast (pool); Bolrac-Clan Crusher (pool); Burn Bright (pool)
RNA/dovin-architect-of-law	RNA	Planeswalker Deck	2019-01-25	Dovin, Architect of Law	60	no	18	Arrester's Zeal (pool); Azorius Knight-Arbiter (pool); Chillbringer (pool)
ROE/eldrazi-arisen	ROE	Intro Pack	2010-04-23	Eldrazi Arisen	41	no	21	Act of Treason (pool); Akoum Boulderfoot (pool); Awakening Zone (pool)
ROE/invading-spawn	ROE	Intro Pack	2010-04-23	Invading Spawn	41	no	18	Act of Treason (pool); Bloodthrone Vampire (pool); Corpsehatch (pool)
ROE/levelers-glory	ROE	Intro Pack	2010-04-23	Levelers' Glory	41	no	18	Affa Guard Hound (pool); Alluring Siren (pool); Angel's Mercy (pool)
ROE/levelers-scorn	ROE	Intro Pack	2010-04-23	Levelers Scorn	41	no	18	Coral Merfolk (pool); Domestication (pool); Doom Blade (pool)
ROE/totem-power	ROE	Intro Pack	2010-04-23	Totem Power	41	no	19	Angel's Mercy (pool); Boar Umbra (pool); Cudgel Troll (pool)
RQS/kazz-s-first-deck	RQS	Intro Pack	1996-06-10	Kazz's First Deck	30	no	11	Disintegrate (pool); Hill Giant (pool); Ironclaw Orcs (pool)
RQS/kazz-s-second-deck	RQS	Intro Pack	1996-06-10	Kazz's Second Deck	26	no	11	Battering Ram (pool); Clockwork Beast (pool); Cursed Land (pool)
RQS/zakk-s-first-deck	RQS	Intro Pack	1996-06-10	Zakk's First Deck	30	no	9	Alabaster Potion (pool); Bog Wraith (pool); Durkwood Boars (pool)
RQS/zakk-s-second-deck	RQS	Intro Pack	1996-06-10	Zakk's Second Deck	26	no	9	Circle of Protection: Black (pool); Circle of Protection: Red (pool); Glasses of Urza (pool)
RTR/azorius-advance	RTR	Intro Pack	2012-10-05	Azorius Advance	60	no	23	Angel's Mercy (pool); Archon of the Triumvirate (pool); Arrest (pool)
RTR/creep-and-conquer	RTR	Event Deck	2012-10-26	Creep and Conquer	75	no	21	Daggerdrome Imp (pool); Dawntreader Elk (pool); Deadbridge Goliath (pool)
RTR/golgari-growth	RTR	Intro Pack	2012-10-05	Golgari Growth	60	no	25	Aerial Predation (pool); Corpsejack Menace (pool); Daggerdrome Imp (pool)
RTR/izzet-ingenuity	RTR	Intro Pack	2012-10-05	Izzet Ingenuity	60	no	23	Annihilating Fire (pool); Blistercoil Weird (pool); Blustersquall (pool)
RTR/rakdos-raid	RTR	Intro Pack	2012-10-05	Rakdos Raid	60	no	26	Assassin's Strike (pool); Auger Spree (pool); Bellows Lizard (pool)
RTR/selesnya-surge	RTR	Intro Pack	2012-10-05	Selesnya Surge	60	no	22	Arbor Elf (pool); Axebane Stag (pool); Bountiful Harvest (pool)
RTR/wrack-and-rage	RTR	Event Deck	2012-10-26	Wrack and Rage	75	no	22	Brimstone Volley (pool); Devil's Play (pool); Hellhole Flailer (pool)
S00/player-a-s-deck	S00	Starter Deck	2000-04-24	Player A's deck	22	no	10	Coercion (pool); Durkwood Boars (pool); Goblin Hero (pool)
S00/player-b-s-deck	S00	Starter Deck	2000-04-24	Player B's deck	22	no	7	Breath of Life (pool); Eager Cadet (pool); Giant Octopus (pool)
S99/blinding-fury	S99	Theme Deck	1999-07-12	Blinding Fury	40	no	6	Armageddon (pool); Breath of Life (pool); False Peace (pool)
S99/deadly-instinct	S99	Theme Deck	1999-07-12	Deadly Instinct	40	no	8	Chorus of Woe (pool); Dakmor Lancer (pool); Dakmor Plague (pool)
S99/goblin-assault	S99	Theme Deck	1999-07-12	Goblin Assault	40	no	7	Goblin General (pool); Goblin Glider (pool); Hulking Goblin (pool)
S99/impaler	S99	Theme Deck	1999-07-12	Impaler	40	no	9	Bull Hippo (pool); Durkwood Boars (pool); Grizzly Bears (pool)
S99/preconstructed-deck-1	S99	Starter Deck	1999-07-12	Preconstructed deck 1	40	no	12	Coercion (pool); Durkwood Boars (pool); Goblin Hero (pool)
S99/preconstructed-deck-2	S99	Starter Deck	1999-07-12	Preconstructed deck 2	40	no	8	Breath of Life (pool); Eager Cadet (pool); Eye Spy (pool)
S99/time-curse	S99	Theme Deck	1999-07-12	Time Curse	40	no	6	Exhaustion (pool); Giant Octopus (pool); Ingenious Thief (pool)
SCD/chaos-incarnate	SCD	Commander Deck	2022-12-02	Chaos Incarnate	100	no	51	Kardur, Doomscourge (pool); Abrade (pool); Archfiend of Depravity (pool)
SCD/draconic-destruction	SCD	Commander Deck	2022-12-02	Draconic Destruction	100	no	50	Atarka, World Render (pool); Akoum Hellkite (pool); Atarka Monument (pool)
SCD/first-flight	SCD	Commander Deck	2022-12-02	First Flight	100	no	50	Isperia, Supreme Judge (pool); Aetherize (pool); Angler Turtle (pool)
SCD/grave-danger	SCD	Commander Deck	2022-12-02	Grave Danger	100	no	55	Gisa and Geralf (pool); Army of the Damned (pool); Cemetery Reaper (pool)
SCD/token-triumph	SCD	Commander Deck	2022-12-02	Token Triumph	100	no	51	Emmara, Soul of the Accord (pool); Ajani, Caller of the Pride (pool); Aura Mutation (pool)
SCG/goblin-mob	SCG	Theme Deck	2003-05-26	Goblin Mob	60	no	19	Carbonize (pool); Flamestick Courier (pool); Gempalm Incinerator (pool)
SCG/max-attax	SCG	Theme Deck	2003-05-26	Max Attax	60	no	19	Accelerated Mutation (stub); Chill Haunting (pool); Dragon Fangs (pool)
SCG/pulverize	SCG	Theme Deck	2003-05-26	Pulverize	60	no	20	Aven Fateshaper (pool); Bloodstoke Howler (pool); Carbonize (pool)
SCG/storm-surge	SCG	Theme Deck	2003-05-26	Storm Surge	60	no	24	Ageless Sentinels (pool); Astral Steel (pool); Aven Farseer (pool)
SHM/army-of-entropy	SHM	Theme Deck	2008-05-02	Army of Entropy	60	no	18	Ashenmoor Cohort (pool); Ashenmoor Gouger (pool); Ashenmoor Liege (pool)
SHM/aura-mastery	SHM	Theme Deck	2008-05-02	Aura Mastery	60	no	22	Armored Ascension (pool); Barrenton Medic (pool); Curse of Chains (pool)
SHM/mortal-coil	SHM	Theme Deck	2008-05-02	Mortal Coil	60	no	24	Biting Tether (pool); Chainbreaker (pool); Faerie Macabre (pool)
SHM/overkill	SHM	Theme Deck	2008-05-02	Overkill	60	no	19	Boggart Ram-Gang (pool); Elsewhere Flask (pool); Farhaven Elf (pool)
SHM/turnabout	SHM	Theme Deck	2008-05-02	Turnabout	60	no	23	Barkshell Blessing (pool); Barrenton Medic (pool); Dawnglow Infusion (pool)
SLD/20-ways-to-win	SLD	Commander Deck	2024-12-04	20 Ways to Win	100	no	54	Go-Shintai of Life's Origin (pool); Alseid of Life's Bounty (pool); Approach of the Second Sun (pool)
SLD/angels-they-re-just-like-us-but-cooler-and-with-wings	SLD	Commander Deck	2023-08-14	Angels: They're Just Like Us but Cooler and with Wings	100	no	57	Gisela, the Broken Blade (pool); Ajani, Strength of the Pride (pool); Angel of Destiny (pool)
SLD/everyone-s-invited	SLD	Commander Deck	2025-05-12	Everyone's Invited!	100	no	55	Morophon, the Boundless (pool); Amoeboid Changeling (pool); Arcane Adaptation (pool)
SLD/from-cute-to-brute	SLD	Commander Deck	2023-05-08	From Cute to Brute	100	no	56	Esika, God of the Tree // The Prismatic Bridge (pool); Altar of the Pantheon (pool); Arlinn Kord // Arlinn, Embraced by the Moon (pool)
SLD/goblin-storm	SLD	Commander Deck	2026-05-18	Goblin Storm	100	no	59	Zada, Hedron Grinder (pool); Ancestors' Aid (pool); Arena of Glory (stub)
SLD/hatsune-miku	SLD	Commander Deck	2026-08-10	Hatsune Miku	100	no	53	Trostani, Selesnya's Voice (pool); Aetherflux Reservoir (pool); Ajani's Pridemate (pool)
SLD/heads-i-win-tails-you-lose	SLD	Commander Deck	2022-04-22	Heads I Win, Tails You Lose	100	no	54	Okaun, Eye of Chaos (pool); Zndrsplt, Eye of Wisdom (pool); Blasphemous Act (pool)
SLD/raining-cats-and-dogs	SLD	Commander Deck	2024-01-22	Raining Cats and Dogs	100	no	50	Rin and Seri, Inseparable (pool); Alms Collector (pool); Anointed Procession (pool)
SNC/angelic-accountants	SNC	Arena Starter Deck	2022-09-09	Angelic Accountants	60	no	18	Angelic Quartermaster (pool); Borrowed Time (pool); Celestial Regulator (pool)
SNC/balance-in-all-things	SNC	Arena Starter Deck	2022-09-09	Balance in All Things	60	no	21	Assassin's Ink (pool); Banishing Slash (pool); Chainflail Centipede (pool)
SNC/blossoming-growth	SNC	Arena Starter Deck	2022-09-09	Blossoming Growth	60	no	18	Azusa's Many Journeys // Likeness of the Seeker (pool); Blossom Prancer (pool); Boseiju Reaches Skyward // Branch of Boseiju (pool)
SNC/earth-shakers	SNC	Starter Kit	2022-06-03	Earth Shakers	60	no	15	Abrade (pool); Ascendant Packleader (pool); Burn the Accursed (pool)
SNC/grave-matters	SNC	Arena Starter Deck	2022-09-09	Grave Matters	60	no	18	Bloodsworn Squire // Bloodsworn Knight (pool); Deathbonnet Sprout // Deathbonnet Hulk (pool); Doomed Dissenter (pool)
SNC/ignite-the-forge	SNC	Arena Starter Deck	2022-09-09	Ignite the Forge	60	no	20	Atsushi, the Blazing Sky (pool); Big Score (pool); Blood Fountain (pool)
SNC/on-the-hunt	SNC	Arena Starter Deck	2022-09-09	On the Hunt	60	no	18	Arlinn, the Pack's Hope // Arlinn, the Moon's Fury (pool); Child of the Pack // Savage Packmate (pool); Fangblade Brigand // Fangblade Eviscerator (pool)
SNC/spellweaver	SNC	Arena Starter Deck	2022-09-09	Spellweaver	60	no	19	Abrade (pool); Arcane Infusion (pool); Big Score (pool)
SNC/stealthy-subterfuge	SNC	Arena Starter Deck	2022-09-09	Stealthy Subterfuge	60	no	19	Behold the Unspeakable // Vision of the Unspeakable (pool); Biting-Palm Ninja (pool); Dokuchi Shadow-Walker (pool)
SNC/storm-of-blades	SNC	Arena Starter Deck	2022-09-09	Storm of Blades	60	no	21	Ancestral Katana (pool); Asari Captain (pool); Blade-Blizzard Kitsune (pool)
SNC/strength-in-numbers	SNC	Arena Starter Deck	2022-09-09	Strength in Numbers	60	no	19	Adeline, Resplendent Cathar (pool); Angelic Observer (pool); Celebrity Fencer (pool)
SNC/up-and-away	SNC	Starter Kit	2022-06-03	Up and Away	60	no	15	Backup Agent (pool); Brute Suit (pool); Consuming Tide (pool)
SOC/lorehold-spirit	SOC	Commander Deck	2026-04-24	Lorehold Spirit	100	no	55	Quintorius, History Chaser (pool); Advanced Reconstruction (pool); Angel of Indemnity (pool)
SOC/prismari-artistry	SOC	Commander Deck	2026-04-24	Prismari Artistry	100	no	55	Rootha, Mastering the Moment (pool); Abrade (pool); Abstract Performance (pool)
SOC/quandrix-unlimited	SOC	Commander Deck	2026-04-24	Quandrix Unlimited	100	no	60	Zimone, Infinite Analyst (pool); Alchemist's Refuge (stub); Animist's Awakening (pool)
SOC/silverquill-influence	SOC	Commander Deck	2026-04-24	Silverquill Influence	100	no	62	Killian, Decisive Mentor (pool); Ajani's Chosen (pool); Angelic Destiny (pool)
SOC/witherbloom-pestilence	SOC	Commander Deck	2026-04-24	Witherbloom Pestilence	100	no	54	Dina, Essence Brewer (pool); Awakening Zone (pool); Beledros Witherbloom (pool)
SOI/angelic-fury	SOI	Intro Pack	2016-04-08	Angelic Fury	60	no	21	Angelic Purge (pool); Cathar's Companion (pool); Dance with Devils (pool)
SOI/ghostly-tide	SOI	Intro Pack	2016-04-08	Ghostly Tide	60	no	23	Apothecary Geist (pool); Bound by Moonsilver (pool); Catalog (pool)
SOI/horrific-visions	SOI	Intro Pack	2016-04-08	Horrific Visions	60	no	25	Crawling Sensation (pool); Crow of Dark Tidings (pool); Dead Weight (pool)
SOI/unearthed-secrets	SOI	Intro Pack	2016-04-08	Unearthed Secrets	60	no	23	Aim High (pool); Briarbridge Patrol (pool); Byway Courier (pool)
SOI/vampiric-thirst	SOI	Intro Pack	2016-04-08	Vampiric Thirst	60	no	22	Alms of the Vein (pool); Bloodmad Vampire (pool); Burn from Within (pool)
SOK/critical-mass	SOK	Theme Deck	2005-06-03	Critical Mass	60	no	24	Akki Underling (pool); Akuta, Born of Ash (pool); Barrel Down Sokenzan (pool)
SOK/soratami-s-wisdom	SOK	Theme Deck	2005-06-03	Soratami's Wisdom	60	no	22	Cage of Hands (pool); Charge Across the Araba (pool); Cowed by Wisdom (pool)
SOK/spirit-flames	SOK	Theme Deck	2005-06-03	Spirit Flames	60	no	20	Arashi, the Sky Asunder (pool); Burr Grafter (pool); Crushing Pain (pool)
SOK/truth-seekers	SOK	Theme Deck	2005-06-03	Truth Seekers	60	no	21	Bounteous Kirin (pool); Dripping-Tongue Zubera (pool); Eiganjo Free-Riders (pool)
SOM/deadspread	SOM	Intro Pack	2010-10-01	Deadspread	60	no	21	Carnifex Demon (pool); Contagion Clasp (pool); Contagion Engine (pool)
SOM/metalcraft	SOM	Intro Pack	2010-10-01	Metalcraft	60	no	19	Accorder's Shield (pool); Argent Sphinx (pool); Blade-Tribe Berserkers (pool)
SOM/myr-of-mirrodin	SOM	Intro Pack	2010-10-01	Myr of Mirrodin	60	no	18	Arrest (pool); Auriok Edgewright (pool); Darksteel Myr (pool)
SOM/phyrexian-poison	SOM	Intro Pack	2010-10-01	Phyrexian Poison	60	no	19	Assassinate (pool); Blackcleave Goblin (pool); Bladed Pinions (pool)
SOM/relic-breaker	SOM	Intro Pack	2010-10-01	Relic Breaker	60	no	20	Acid Web Spider (pool); Arc Trail (pool); Asceticism (pool)
SOS/black-deck	SOS	Welcome Deck	2026-04-24	Black Deck	40	no	18	Bloodtithe Collector (pool); Crossway Troublemakers (pool); Eaten Alive (pool)
SOS/blue-deck	SOS	Welcome Deck	2026-04-24	Blue Deck	40	no	17	Aegis Turtle (pool); Aetherize (pool); Arcanis the Omnipotent (pool)
SOS/eerie	SOS	Theme Deck	2026-04-24	Eerie	60	no	13	Angelic Destiny (pool); Banishing Light (pool); Enduring Innocence (pool)
SOS/green-deck	SOS	Welcome Deck	2026-04-24	Green Deck	40	no	18	Affectionate Indrik (pool); Bite Down (pool); Blanchwood Armor (pool)
SOS/lifegain	SOS	Theme Deck	2026-04-24	Lifegain	60	no	13	Amalia Benavides Aguirre (pool); Case of the Uneaten Feast (pool); Deep-Cavern Bat (pool)
SOS/red-deck	SOS	Welcome Deck	2026-04-24	Red Deck	40	no	16	Axgard Cavalry (pool); Brazen Scourge (pool); Burst Lightning (pool)
SOS/white-deck	SOS	Welcome Deck	2026-04-24	White Deck	40	no	20	Ajani's Pridemate (pool); Banishing Light (pool); Bishop's Soldier (pool)
SPM/black-deck	SPM	Welcome Deck	2025-09-26	Black Deck	30	no	14	Eerie Gravestone (pool); Grendel, Spawn of Knull (pool); Lethal Protection (pool)
SPM/blue-deck	SPM	Welcome Deck	2025-09-26	Blue Deck	30	no	13	Alchemax Slayer-Bots (pool); Beetle, Legacy Criminal (pool); Doc Ock's Henchmen (pool)
SPM/green-deck	SPM	Welcome Deck	2025-09-26	Green Deck	30	no	13	Grow Extra Arms (pool); Guy in the Chair (pool); Kapow! (pool)
SPM/red-deck	SPM	Welcome Deck	2025-09-26	Red Deck	30	no	14	Angry Rabble (pool); Double Trouble (pool); Electro's Bolt (pool)
SPM/white-deck	SPM	Welcome Deck	2025-09-26	White Deck	30	no	14	Amateur Hero (pool); Amazing Alliance (pool); Aunt May (pool)
STH/call-of-the-kor-advanced-deck	STH	Advanced Deck	1998-03-02	Call of the Kor - Advanced Deck	75	no	19	Armageddon (pool); Crusade (pool); Empyrial Armor (pool)
STH/call-of-the-kor	STH	Theme Deck	1998-03-02	Call of the Kor	60	no	18	Dark Banishing (pool); Darkling Stalker (pool); Endless Scream (pool)
STH/migraine-advanced-deck	STH	Advanced Deck	1998-03-02	Migraine - Advanced Deck	75	no	19	Abyssal Specter (pool); Anvil of Bogardan (pool); Bottomless Pit (pool)
STH/migraine	STH	Theme Deck	1998-03-02	Migraine	60	no	15	Bottomless Pit (pool); Coercion (pool); Dark Banishing (pool)
STH/the-sparkler-advanced-deck	STH	Advanced Deck	1998-03-02	The Sparkler - Advanced Deck	75	no	18	Capsize (pool); Disrupt (pool); Dissipate (pool)
STH/the-sparkler	STH	Theme Deck	1998-03-02	The Sparkler	60	no	15	Capsize (pool); Contempt (pool); Evacuation (pool)
STH/the-spikes-advanced-deck	STH	Advanced Deck	1998-03-02	The Spikes - Advanced Deck	75	no	22	Armageddon (pool); Hammer of Bogardan (pool); Incinerate (pool)
STH/the-spikes	STH	Theme Deck	1998-03-02	The Spikes	60	no	16	Bayou Dragonfly (pool); Elven Rite (pool); Fanning the Flames (pool)
TD0/boltslinger	TD0	MTGO Theme Deck	2010-11-08	Boltslinger	75	no	12	Chain Lightning (pool); Fireblast (pool); Flames of the Blood Hand (pool)
TD0/deathdancer-xira	TD0	MTGO Commander Deck	2009-08-26	Deathdancer Xira	100	no	51	Abyssal Gatekeeper (pool); All Hallow's Eve (pool); Anarchist (pool)
TD0/enchantress-rubinia	TD0	MTGO Commander Deck	2009-08-26	Enchantress Rubinia	100	no	46	Rubinia Soulsinger (pool); Armadillo Cloak (pool); Auramancer (pool)
TD0/exiler	TD0	MTGO Theme Deck	2010-11-08	Exiler	75	no	13	Benevolent Bodyguard (pool); Ethersworn Canonist (pool); Flickerwisp (pool)
TD2/mirrodin-pure	TD2	MTGO Duel Deck	2013-01-11	Mirrodin Pure	60	no	25	Ardent Recruit (pool); Argent Sphinx (pool); Arrest (pool)
TD2/new-phyrexia	TD2	MTGO Duel Deck	2013-01-11	New Phyrexia	60	no	32	Barter in Blood (pool); Black Sun's Zenith (pool); Contagion Clasp (pool)
TDC/abzan-armor	TDC	Commander Deck	2025-04-11	Abzan Armor	100	no	54	Felothar the Steadfast (pool); Anguished Unmaking (pool); Arasta of the Endless Web (pool)
TDC/jeskai-striker	TDC	Commander Deck	2025-04-11	Jeskai Striker	100	no	51	Shiko and Narset, Unified (pool); Abrade (pool); Adaptive Training Post (pool)
TDC/mardu-surge	TDC	Commander Deck	2025-04-11	Mardu Surge	100	no	53	Zurgo Stormrender (pool); Abrade (pool); Adeline, Resplendent Cathar (pool)
TDC/sultai-arisen	TDC	Commander Deck	2025-04-11	Sultai Arisen	100	no	55	Teval, the Balanced Scale (pool); Afterlife from the Loam (pool); Amphin Mutineer (pool)
TDC/temur-roar	TDC	Commander Deck	2025-04-11	Temur Roar	100	no	57	Eshki, Temur's Roar (pool); Atarka, World Render (pool); Atsushi, the Blazing Sky (pool)
THB/ashiok	THB	Planeswalker Deck	2020-01-24	Ashiok	60	no	16	Ashiok's Forerunner (pool); Ashiok, Sculptor of Fears (pool); Devourer of Memory (pool)
THB/elspeth	THB	Planeswalker Deck	2020-01-24	Elspeth	60	no	13	Archon of Falling Stars (pool); Daxos, Blessed by the Sun (pool); Daybreak Chimera (pool)
THS/anthousa-s-army	THS	Intro Pack	2013-09-27	Anthousa's Army	60	no	20	Anthousa, Setessan Hero (pool); Artisan's Sorrow (pool); Battlewise Valor (pool)
THS/blazing-beasts-of-myth	THS	Intro Pack	2013-09-27	Blazing Beasts of Myth	60	no	20	Artisan's Sorrow (pool); Borderland Minotaur (pool); Destructive Revelry (pool)
THS/devotion-to-darkness	THS	Intro Pack	2013-09-27	Devotion to Darkness	60	no	24	Abhorrent Overlord (pool); Blood-Toll Harpy (pool); Boon of Erebos (pool)
THS/favors-from-nyx	THS	Intro Pack	2013-09-27	Favors From Nyx	60	no	26	Auramancer (pool); Baleful Eidolon (pool); Banisher Priest (pool)
THS/inspiring-heroics	THS	Event Deck	2013-10-18	Inspiring Heroics	75	no	26	Ascended Lawmage (pool); Banisher Priest (pool); Battlewise Hoplite (pool)
THS/manipulative-monstrosities	THS	Intro Pack	2013-09-27	Manipulative Monstrosities	60	no	18	Burnished Hart (pool); Coral Merfolk (pool); Crackling Triton (pool)
TMC/turtle-power	TMC	Commander Deck	2026-03-06	Turtle Power!	100	no	58	Heroes in a Half Shell (pool); April O'Neil, Live on the Scene (pool); Arcade Cabinet (pool)
TMP/deep-freeze-advanced-deck	TMP	Advanced Deck	1997-10-14	Deep Freeze - Advanced Deck	75	no	16	Angelic Renewal (pool); Avenging Angel (pool); Binding Grasp (pool)
TMP/deep-freeze	TMP	Theme Deck	1997-10-14	Deep Freeze	60	no	17	Anoint (pool); Avenging Angel (pool); Dream Cache (pool)
TMP/flames-of-rath-advanced-deck	TMP	Advanced Deck	1997-10-14	Flames of Rath - Advanced Deck	75	no	20	Ball Lightning (pool); Earthquake (pool); Fireball (pool)
TMP/the-flames-of-rath	TMP	Theme Deck	1997-10-14	The Flames of Rath	60	no	14	Blood Frenzy (pool); Fireslinger (pool); Flowstone Salamander (pool)
TMP/the-slivers-advanced-deck	TMP	Advanced Deck	1997-10-14	The Slivers - Advanced Deck	75	no	25	Clot Sliver (pool); Drain Life (pool); Fevered Convulsions (pool)
TMP/the-slivers	TMP	Theme Deck	1997-10-14	The Slivers	60	no	16	Clot Sliver (pool); Dark Banishing (pool); Diabolic Edict (pool)
TMP/the-swarm-advanced-deck	TMP	Advanced Deck	1997-10-14	The Swarm - Advanced Deck	75	no	16	Aluren (pool); Arctic Wolves (pool); Armageddon (pool)
TMP/the-swarm	TMP	Theme Deck	1997-10-14	The Swarm	60	no	13	Aluren (pool); Anoint (pool); Elven Warhounds (pool)
TMT/donatello	TMT	Theme Deck	2026-03-06	Donatello	60	no	20	April O'Neil, Human Element (pool); Buzz Bots (pool); Containment Protocol (pool)
TMT/leonardo	TMT	Theme Deck	2026-03-06	Leonardo	60	no	23	Action News Crew (pool); Definitely Not a Turtle (pool); EPF Point Squad (pool)
TMT/michealangelo	TMT	Theme Deck	2026-03-06	Michealangelo	60	no	20	Cowabunga! (pool); Definitely Not a Turtle (pool); Foe-liage (pool)
TMT/raphael	TMT	Theme Deck	2026-03-06	Raphael	60	no	22	Casey & Raph, Hotheads (pool); Casey Jones, Asphalt Hooligan (pool); Casey Jones, Jury-Rig Justiciar (pool)
TOR/grave-danger	TOR	Theme Deck	2002-02-08	Grave Danger	60	no	19	Aquamoeba (pool); Breakthrough (pool); Careful Study (pool)
TOR/insanity	TOR	Theme Deck	2002-02-08	Insanity	60	no	16	Acorn Harvest (pool); Anurid Scavenger (pool); Arrogant Wurm (pool)
TOR/sacrilege	TOR	Theme Deck	2002-02-08	Sacrilege	60	no	18	Auramancer (pool); Buried Alive (pool); Cabal Surgeon (pool)
TOR/waking-nightmares	TOR	Theme Deck	2002-02-08	Waking Nightmares	60	no	19	Barbarian Outcast (pool); Caustic Tar (pool); Chainer, Dementia Master (pool)
TSP/fun-with-fungus	TSP	Theme Deck	2006-10-06	Fun With Fungus	60	no	16	Assassinate (pool); Deathspore Thallid (pool); Dread Return (pool)
TSP/hope-s-crusaders	TSP	Theme Deck	2006-10-06	Hope's Crusaders	60	no	21	Benalish Cavalry (pool); Brass Gnat (pool); Cavalry Master (pool)
TSP/reality-fracture	TSP	Theme Deck	2006-10-06	Reality Fracture	60	no	20	Careful Consideration (pool); Clockspinning (pool); Clockwork Hydra (pool)
TSP/sliver-evolution	TSP	Theme Deck	2006-10-06	Sliver Evolution	60	no	16	Avoid Fate (pool); Bonesplitter Sliver (pool); Fungus Sliver (pool)
UDS/assassin-enhanced-deck	UDS	Enhanced Deck	1999-06-07	Assassin - Enhanced Deck	75	no	15	Bone Shredder (pool); Duress (pool); Eradicate (pool)
UDS/assassin	UDS	Theme Deck	1999-06-07	Assassin	60	no	19	Attrition (pool); Body Snatcher (pool); Bone Shredder (pool)
UDS/battle-surge-enhanced-deck	UDS	Enhanced Deck	1999-06-07	Battle Surge - Enhanced Deck	75	no	13	Arc Lightning (pool); Catalog (pool); Curfew (pool)
UDS/battle-surge	UDS	Theme Deck	1999-06-07	Battle Surge	60	no	17	Aether Sting (pool); Arc Lightning (pool); Curfew (pool)
UDS/enchanter-enhanced-deck	UDS	Enhanced Deck	1999-06-07	Enchanter - Enhanced Deck	75	no	16	Brilliant Halo (pool); Forbid (pool); Metathran Elite (pool)
UDS/enchanter	UDS	Theme Deck	1999-06-07	Enchanter	60	no	18	Archery Training (pool); Brilliant Halo (pool); Confiscate (pool)
UDS/fiendish-nature-enhanced-deck	UDS	Enhanced Deck	1999-06-07	Fiendish Nature - Enhanced Deck	75	no	15	Ancient Silverback (pool); Cradle Guard (pool); Engineered Plague (pool)
UDS/fiendish-nature	UDS	Theme Deck	1999-06-07	Fiendish Nature	60	no	17	Ancient Silverback (pool); Chime of Night (pool); Cradle Guard (pool)
ULG/crusher-enhanced-deck	ULG	Enhanced Deck	1999-02-15	Crusher - Enhanced Deck	75	no	20	Armageddon (pool); Cradle Guard (pool); Darkwatch Elves (pool)
ULG/crusher	ULG	Theme Deck	1999-02-15	Crusher	60	no	18	Cradle Guard (pool); Crosswinds (pool); Defense of the Heart (pool)
ULG/phyrexian-assault-enhanced-deck	ULG	Enhanced Deck	1999-02-15	Phyrexian Assault - Enhanced Deck	75	no	17	Avalanche Riders (pool); Bone Shredder (pool); Expunge (pool)
ULG/phyrexian-assault	ULG	Theme Deck	1999-02-15	Phyrexian Assault	60	no	18	Arc Lightning (pool); Avalanche Riders (pool); Bone Shredder (pool)
ULG/radiant-s-revenge-enhanced-deck	ULG	Enhanced Deck	1999-02-15	Radiant's Revenge - Enhanced Deck	75	no	13	Catalog (pool); Cessation (pool); Dream Cache (pool)
ULG/radiant-s-revenge	ULG	Theme Deck	1999-02-15	Radiant's Revenge	60	no	17	Catalog (pool); Fog Bank (pool); Miscalculation (pool)
ULG/time-drain-enhanced-deck	ULG	Enhanced Deck	1999-02-15	Time Drain - Enhanced Deck	75	no	18	Armageddon (pool); Cloud of Faeries (pool); Intervene (pool)
ULG/time-drain	ULG	Theme Deck	1999-02-15	Time Drain	60	no	18	Acridian (pool); Anthroplasm (pool); Bloated Toad (pool)
USG/sleeper-enhanced-deck	USG	Enhanced Deck	1998-10-12	Sleeper - Enhanced Deck	75	no	21	Brilliant Halo (pool); Citanul Centaurs (pool); Fortitude (pool)
USG/sleeper	USG	Theme Deck	1998-10-12	Sleeper	60	no	16	Angelic Page (pool); Barrin's Codex (pool); Brilliant Halo (pool)
USG/special-delivery-enhanced-deck	USG	Enhanced Deck	1998-10-12	Special Delivery - Enhanced Deck	75	no	21	Citanul Centaurs (pool); Cradle Guard (pool); Cursed Scroll (pool)
USG/special-delivery	USG	Theme Deck	1998-10-12	Special Delivery	60	no	22	Acridian (pool); Anaconda (pool); Arc Lightning (pool)
USG/the-plague-enhanced-deck	USG	Enhanced Deck	1998-10-12	The Plague - Enhanced Deck	75	no	22	Disciple of Grace (pool); Drain Life (pool); Expunge (pool)
USG/the-plague	USG	Theme Deck	1998-10-12	The Plague	60	no	16	Befoul (pool); Corrupt (pool); Disciple of Grace (pool)
USG/tombstone-enhanced-deck	USG	Enhanced Deck	1998-10-12	Tombstone - Enhanced Deck	75	no	14	Abyssal Horror (pool); Animate Dead (pool); Armageddon (pool)
USG/tombstone	USG	Theme Deck	1998-10-12	Tombstone	60	no	14	Abyssal Horror (pool); Catalog (pool); Confiscate (pool)
VIS/legion-of-glory	VIS	MTGO Theme Deck	2006-04-10	Legion of Glory	60	no	20	Afterlife (pool); Blinding Light (pool); Favorable Destiny (pool)
VIS/savage-stompdown	VIS	MTGO Theme Deck	2006-04-10	Savage Stompdown	60	no	14	Bull Elephant (pool); Ekundu Cyclops (pool); Emerald Charm (pool)
VIS/unnatural-forces	VIS	MTGO Theme Deck	2006-04-10	Unnatural Forces	60	no	17	Brood of Cockroaches (pool); Coercion (pool); Coral Fighters (pool)
VIS/wild-eyed-frenzy	VIS	MTGO Theme Deck	2006-04-10	Wild-Eyed Frenzy	60	no	19	Chaos Charm (pool); Fireblast (pool); Flame Elemental (pool)
VOC/spirit-squadron	VOC	Commander Deck	2021-11-19	Spirit Squadron	100	no	56	Millicent, Restless Revenant (pool); Angel of Flight Alabaster (pool); Arcane Denial (pool)
VOC/vampiric-bloodline	VOC	Commander Deck	2021-11-19	Vampiric Bloodline	100	no	55	Strefan, Maurer Progenitor (pool); Anje's Ravager (pool); Anowon, the Ruin Sage (pool)
W16/black-deck	W16	Welcome Deck	2016-04-08	Black Deck	30	no	14	Bone Splinters (pool); Dead Weight (pool); Demon's Grasp (pool)
W16/blue-deck	W16	Welcome Deck	2016-04-08	Blue Deck	30	no	15	Air Servant (pool); Ancient Crab (pool); Anticipate (pool)
W16/green-deck	W16	Welcome Deck	2016-04-08	Green Deck	30	no	14	Aim High (pool); Broodhunter Wurm (pool); Gloomwidow (pool)
W16/red-deck	W16	Welcome Deck	2016-04-08	Red Deck	30	no	14	Borderland Marauder (pool); Brute Strength (pool); Cinder Hellion (pool)
W16/white-deck	W16	Welcome Deck	2016-04-08	White Deck	30	no	15	Aegis Angel (pool); Affa Protector (pool); Angel of Renewal (pool)
W17/amonkhet-welcome-deck-black	W17	Welcome Deck	2017-04-15	Amonkhet Welcome Deck - Black	30	no	12	Alley Strangler (pool); Bloodhunter Bat (pool); Certain Death (pool)
W17/amonkhet-welcome-deck-blue	W17	Welcome Deck	2017-04-15	Amonkhet Welcome Deck - Blue	30	no	9	Ancient Crab (pool); Angler Drake (pool); Coral Merfolk (pool)
W17/amonkhet-welcome-deck-green	W17	Welcome Deck	2017-04-15	Amonkhet Welcome Deck - Green	30	no	12	Arborback Stomper (pool); Cowl Prowler (pool); Druid of the Cowl (pool)
W17/amonkhet-welcome-deck-red	W17	Welcome Deck	2017-04-15	Amonkhet Welcome Deck - Red	30	no	11	Brazen Scourge (pool); Falkenrath Reaver (pool); Flame Lash (pool)
W17/amonkhet-welcome-deck-white	W17	Welcome Deck	2017-04-15	Amonkhet Welcome Deck - White	30	no	10	Bastion Enforcer (pool); Dawnfeather Eagle (pool); Divine Verdict (pool)
WAR/gideon-the-oathsworn	WAR	Planeswalker Deck	2019-05-03	Gideon, the Oathsworn	60	no	17	Ajani's Pridemate (pool); Bond of Discipline (pool); Charmed Stray (pool)
WAR/jace-arcane-strategist	WAR	Planeswalker Deck	2019-05-03	Jace, Arcane Strategist	60	no	17	Band Together (pool); Bioessence Hydra (pool); Bloom Hulk (pool)
WC00/janosch-kuhn-angry-non-hermit	WC00	World Championship Deck	2000-08-02	Janosch Kühn - Angry Non-Hermit	75	no	11	Arc Lightning (pool); Avalanche Riders (pool); Blastoderm (pool)
WC00/jon-finkel-mono-blue-tinker	WC00	World Championship Deck	2000-08-02	Jon Finkel - Mono-Blue Tinker	75	no	11	Crumbling Sanctuary (pool); Masticore (pool); Metalworker (pool)
WC00/nicolas-labarre-chimera	WC00	World Championship Deck	2000-08-02	Nicolas Labarre - Chimera	75	no	17	Confiscate (pool); Fecundity (pool); Pattern of Rebirth (pool)
WC00/tom-van-de-logt-replenish	WC00	World Championship Deck	2000-08-02	Tom van de Logt - Replenish	75	no	14	Attunement (pool); Energy Field (pool); Frantic Search (stub)
WC01/alex-borteh-merfolk-opposition	WC01	World Championship Deck	2001-08-08	Alex Borteh - Merfolk Opposition	75	no	13	Darting Merfolk (pool); Gush (pool); Lord of Atlantis (pool)
WC01/antoine-ruel-blue-black-red-nether-go	WC01	World Championship Deck	2001-08-08	Antoine Ruel - Blue-Black-Red Nether-Go	75	no	16	Accumulated Knowledge (pool); Crosis's Charm (pool); Duress (pool)
WC01/jan-tomcani-dark-fires	WC01	World Championship Deck	2001-08-08	Jan Tomcani - Dark Fires	75	no	12	Blastoderm (pool); Fire // Ice (stub); Kavu Chameleon (pool)
WC01/tom-van-de-logt-machine-head	WC01	World Championship Deck	2001-08-08	Tom van de Logt - Machine Head	75	no	12	Blazing Specter (pool); Crypt Angel (pool); Duress (pool)
WC02/brian-kibler-red-zone-2k2	WC02	World Championship Deck	2002-08-14	Brian Kibler - Red Zone 2K2	75	no	16	Anurid Brushhopper (pool); Call of the Herd (pool); Fire // Ice (stub)
WC02/carlos-romao-psychatog	WC02	World Championship Deck	2002-08-14	Carlos Romão - Psychatog	75	no	17	Chainer's Edict (pool); Circular Logic (pool); Cunning Wish (pool)
WC02/raphael-levy-le-wonder-goose	WC02	World Championship Deck	2002-08-14	Raphael Levy - Le Wonder Goose	75	no	14	Breakthrough (pool); Careful Study (pool); Genesis (pool)
WC02/sim-han-how-squirrel-opposition	WC02	World Championship Deck	2002-08-14	Sim Han How - Squirrel Opposition	75	no	12	Circular Logic (pool); Deep Analysis (pool); Fire // Ice (stub)
WC03/daniel-zink-white-blue-green-wake	WC03	World Championship Deck	2003-08-06	Daniel Zink - White-Blue-Green Wake	75	no	17	Circular Logic (pool); Cunning Wish (pool); Decree of Justice (pool)
WC03/dave-humpherys-blue-green-madness	WC03	World Championship Deck	2003-08-06	Dave Humpherys - Blue-Green Madness	75	no	15	Aquamoeba (pool); Arrogant Wurm (pool); Basking Rootwalla (pool)
WC03/peer-kroger-reanimator	WC03	World Championship Deck	2003-08-06	Peer Kröger - Reanimator	75	no	23	Anger (pool); Arcanis the Omnipotent (pool); Buried Alive (pool)
WC03/wolfgang-eder-goblin-bidding	WC03	World Championship Deck	2003-08-06	Wolfgang Eder - Goblin Bidding	75	no	14	Gempalm Incinerator (pool); Goblin Grappler (pool); Goblin Piledriver (pool)
WC04/aeo-paquette-affinity	WC04	World Championship Deck	2004-09-01	Aeo Paquette - Affinity	75	no	10	Arcbound Ravager (stub); Arcbound Worker (pool); Chrome Mox (stub)
WC04/gabriel-nassif-blue-white-anti-affinity-control	WC04	World Championship Deck	2004-09-01	Gabriel Nassif - Blue-White Anti-Affinity Control	75	no	12	Akroma's Vengeance (pool); Condescend (pool); Decree of Justice (pool)
WC04/julien-nuijten-green-white-astral-slide	WC04	World Championship Deck	2004-09-01	Julien Nuijten - Green-White Astral Slide	75	no	11	Akroma's Vengeance (pool); Astral Slide (pool); Decree of Justice (pool)
WC04/manuel-bevand-myr-incubator-combo	WC04	World Championship Deck	2004-09-01	Manuel Bevand - Myr Incubator Combo	75	no	10	Chrome Mox (stub); Condescend (pool); Fireball (pool)
WC97/jakub-slemr-prismatic-black-aggro	WC97	World Championship Deck	1997-08-13	Jakub Šlemr - Prismatic Black Aggro	76	no	18	Black Knight (pool); Choking Sands (pool); Contagion (pool)
WC97/janosch-kuhn-red-white-blue-speed-control	WC97	World Championship Deck	1997-08-13	Janosch Kühn - Red-White-Blue Speed Control	75	no	15	Abeyance (pool); Disintegrate (pool); Frenetic Efreet (pool)
WC97/paul-mccabe-red-blue-aggro-control	WC97	World Championship Deck	1997-08-13	Paul McCabe - Red-Blue Aggro Control	75	no	18	Abduction (pool); Cloud Elemental (pool); Disintegrate (pool)
WC97/svend-geertsen-green-stompy	WC97	World Championship Deck	1997-08-13	Svend Geertsen - Green Stompy	75	no	13	Bounty of the Hunt (pool); Ghazbán Ogre (pool); Harvest Wurm (pool)
WC98/ben-rubin-sligh	WC98	World Championship Deck	1998-08-12	Ben Rubin - Sligh	75	no	15	Ball Lightning (pool); Cursed Scroll (pool); Fireblast (pool)
WC98/brian-hacker-white-weenie	WC98	World Championship Deck	1998-08-12	Brian Hacker - White Weenie	75	no	15	Aura of Silence (pool); Cataclysm (pool); Empyrial Armor (pool)
WC98/brian-selden-cali-nightmare	WC98	World Championship Deck	1998-08-12	Brian Selden - Cali Nightmare	75	no	17	Firestorm (pool); Lobotomy (pool); Nekrataal (pool)
WC98/randy-buehler-draw-go	WC98	World Championship Deck	1998-08-12	Randy Buehler - Draw, Go	75	no	12	Dissipate (pool); Forbid (pool); Force Spike (pool)
WC99/jakub-slemr-mono-black-control	WC99	World Championship Deck	1999-08-04	Jakub Šlemr - Mono-Black Control	75	no	18	Corpse Dance (pool); Cursed Scroll (pool); Diabolic Edict (pool)
WC99/kai-budde-red-artifact-wildfire	WC99	World Championship Deck	1999-08-04	Kai Budde - Red-Artifact Wildfire	75	no	14	City of Traitors (stub); Covetous Dragon (pool); Cursed Scroll (pool)
WC99/mark-le-pine-sped-red	WC99	World Championship Deck	1999-08-04	Mark Le Pine - Sped Red	75	no	11	Arc Lightning (pool); Avalanche Riders (pool); Cursed Scroll (pool)
WC99/matt-linde-mono-green-stompy	WC99	World Championship Deck	1999-08-04	Matt Linde - Mono-Green Stompy	75	no	10	Albino Troll (pool); Cursed Scroll (pool); Pouncing Jaguar (pool)
WHO/blast-from-the-past	WHO	Commander Deck	2023-10-13	Blast from the Past	100	no	55	Sarah Jane Smith (pool); The Fourth Doctor (pool); Ace's Baseball Bat (pool)
WHO/masters-of-evil	WHO	Commander Deck	2023-10-13	Masters of Evil	100	no	57	Davros, Dalek Creator (pool); Ashad, the Lone Cyberman (pool); Auton Soldier (pool)
WHO/paradox-power	WHO	Commander Deck	2023-10-13	Paradox Power	100	no	61	The Thirteenth Doctor (pool); Yasmin Khan (pool); Beast Within (pool)
WHO/timey-wimey	WHO	Commander Deck	2023-10-13	Timey-Wimey	100	no	61	Rose Tyler (pool); The Tenth Doctor (pool); Adipose Offspring (pool)
WOC/fae-dominion	WOC	Commander Deck	2023-09-08	Fae Dominion	100	no	51	Tegwyll, Duke of Splendor (pool); Alela, Cunning Conqueror (pool); Arcane Denial (pool)
WOC/virtue-and-valor	WOC	Commander Deck	2023-09-08	Virtue and Valor	100	no	57	Ellivere of the Wild Court (pool); Ajani's Chosen (pool); Ancestral Mask (pool)
WOE/backup-beatdown	WOE	Starter Kit	2023-09-08	Backup Beatdown	60	no	20	Ancient Imperiosaur (pool); Boon-Bringer Valkyrie (pool); Broken Wings (pool)
WOE/day-of-the-dragon	WOE	Starter Kit	2023-09-08	Day of the Dragon	60	no	17	Archive Dragon (pool); Dragon Whelp (pool); Dragonwing Glider (pool)
WTH/air-forces	WTH	MTGO Theme Deck	2007-12-12	Air Forces	60	no	19	Abduction (pool); Alabaster Dragon (pool); Cloud Djinn (pool)
WTH/dead-and-alive	WTH	MTGO Theme Deck	2007-12-12	Dead and Alive	60	no	18	Barrow Ghoul (pool); Buried Alive (pool); Circling Vultures (pool)
WTH/fiery-fury	WTH	MTGO Theme Deck	2007-12-12	Fiery Fury	60	no	15	Bloodrock Cyclops (pool); Cone of Flame (pool); Fireblast (pool)
WTH/gatecrasher	WTH	MTGO Theme Deck	2007-12-12	Gatecrasher	60	no	14	Aboroth (pool); Arctic Wolves (pool); Cone of Flame (pool)
WWK/brute-force	WWK	Intro Pack	2010-02-05	Brute Force	41	no	15	Act of Treason (pool); Borderland Ranger (pool); Canopy Cover (pool)
WWK/fangs-of-the-bloodchief	WWK	Intro Pack	2010-02-05	Fangs of the Bloodchief	41	no	18	Anowon, the Ruin Sage (pool); Bloodhusk Ritualist (pool); Brink of Disaster (pool)
WWK/flyover	WWK	Intro Pack	2010-02-05	Flyover	41	no	19	Apex Hawks (pool); Archon of Redemption (pool); Divine Verdict (pool)
WWK/mysterious-realms	WWK	Intro Pack	2010-02-05	Mysterious Realms	41	no	19	Aether Tradewinds (pool); Baloth Woodcrasher (pool); Calcite Snapper (pool)
WWK/rapid-fire	WWK	Intro Pack	2010-02-05	Rapid Fire	41	no	20	Act of Treason (pool); Armored Ascension (pool); Chain Reaction (pool)
XLN/huatli-dinosaur-knight	XLN	Planeswalker Deck	2017-09-29	Huatli, Dinosaur Knight	60	no	17	Bonded Horncrest (pool); Burning Sun's Avatar (pool); Frenzied Raptor (pool)
XLN/jace-ingenious-mind-mage	XLN	Planeswalker Deck	2017-09-29	Jace, Ingenious Mind Mage	60	no	16	Castaway's Despair (pool); Deeproot Warrior (pool); Fleet Swallower (pool)
ZEN/kor-armory	ZEN	Intro Pack	2009-10-02	Kor Armory	41	no	16	Armament Master (pool); Conqueror's Pledge (pool); Divine Verdict (pool)
ZEN/pumped-up	ZEN	Intro Pack	2009-10-02	Pumped Up	41	no	16	Act of Treason (pool); Aether Figment (pool); Burst Lightning (pool)
ZEN/rise-of-the-vampires	ZEN	Intro Pack	2009-10-02	Rise of the Vampires	41	no	15	Acolyte of Xathrid (pool); Blood Tribute (pool); Child of Night (pool)
ZEN/the-adventurers	ZEN	Intro Pack	2009-10-02	The Adventurers	41	no	16	Act of Treason (pool); Awakener Druid (pool); Beast Hunt (pool)
ZEN/unstable-terrain	ZEN	Intro Pack	2009-10-02	Unstable Terrain	41	no	17	Baloth Woodcrasher (pool); Coral Merfolk (pool); Frontier Guide (pool)
ZNC/land-s-wrath	ZNC	Commander Deck	2020-09-25	Land's Wrath	100	no	57	Obuun, Mul Daya Ancestor (pool); Abundance (pool); Abzan Falconer (pool)
ZNC/sneak-attack	ZNC	Commander Deck	2020-09-25	Sneak Attack	100	no	57	Anowon, the Ruin Thief (pool); Aetherize (pool); Blackblade Reforged (pool)
